Date,1 USD -> LKR,1 LKR -> USD,,,,,,,
9/27/2024,300.2152,0.0033,,,,,,,
9/26/2024,301.7592,0.0033,,,,,,,
9/25/2024,303.9075,0.0033,,,,,,,
9/24/2024,304.4214,0.0033,,,,,,,
9/23/2024,304.8847,0.0033,,,,,,,
9/20/2024,304.5504,0.0033,,,,,,,
9/19/2024,303.9177,0.0033,,,,,,,
9/18/2024,301.1969,0.0033,,,,,,,
9/13/2024,301.7977,0.0033,,,,,,,
9/12/2024,300.7654,0.0033,,,,,,,
9/11/2024,300.7295,0.0033,,,,,,,
9/10/2024,300.0746,0.0033,,,,,,,
9/9/2024,298.6949,0.0033,,,,,,,
9/6/2024,298.8696,0.0033,,,,,,,
9/5/2024,298.9385,0.0033,,,,,,,
9/4/2024,299.1715,0.0033,,,,,,,
9/3/2024,299.0072,0.0033,,,,,,,
9/2/2024,299.6011,0.0033,,,,,,,
8/30/2024,300.3276,0.0033,,,,,,,
8/29/2024,300.6837,0.0033,,,,,,,
8/28/2024,300.7178,0.0033,,,,,,,
8/27/2024,300.6037,0.0033,,,,,,,
8/26/2024,300.5002,0.0033,,,,,,,
8/23/2024,301.1343,0.0033,,,,,,,
8/22/2024,299.9863,0.0033,,,,,,,
8/21/2024,299.2525,0.0033,,,,,,,
8/20/2024,298.6809,0.0033,,,,,,,
8/16/2024,298.9042,0.0033,,,,,,,
8/15/2024,299.2783,0.0033,,,,,,,
8/14/2024,299.228,0.0033,,,,,,,
8/13/2024,299.6647,0.0033,,,,,,,
8/12/2024,300.4007,0.0033,,,,,,,
8/9/2024,301.2378,0.0033,,,,,,,
8/8/2024,301.8515,0.0033,,,,,,,
8/7/2024,302.3394,0.0033,,,,,,,
8/6/2024,302.2113,0.0033,,,,,,,
8/5/2024,302.0889,0.0033,,,,,,,
8/2/2024,302.4975,0.0033,,,,,,,
8/1/2024,302.445,0.0033,,,,,,,
7/31/2024,302.3706,0.0033,,,,,,,
7/30/2024,302.8885,0.0033,,,,,,,
7/29/2024,303.1957,0.0033,,,,,,,
7/26/2024,303.62,0.0033,,,,,,,
7/25/2024,303.5644,0.0033,,,,,,,
7/24/2024,303.8705,0.0033,,,,,,,
7/23/2024,303.7287,0.0033,,,,,,,
7/22/2024,303.6956,0.0033,,,,,,,
7/19/2024,303.9906,0.0033,,,,,,,
7/18/2024,303.8416,0.0033,,,,,,,
7/17/2024,303.3236,0.0033,,,,,,,
7/16/2024,301.4954,0.0033,,,,,,,
7/15/2024,302.1929,0.0033,,,,,,,
7/12/2024,303.3297,0.0033,,,,,,,
7/11/2024,303.7568,0.0033,,,,,,,
7/10/2024,304.2056,0.0033,,,,,,,
7/9/2024,304.4737,0.0033,,,,,,,
7/8/2024,304.8833,0.0033,,,,,,,
7/5/2024,304.5391,0.0033,,,,,,,
7/4/2024,304.0552,0.0033,,,,,,,
7/3/2024,303.5236,0.0033,,,,,,,
7/2/2024,305.8234,0.0033,,,,,,,
7/1/2024,306.0182,0.0033,,,,,,,
6/28/2024,305.7065,0.0033,,,,,,,
6/27/2024,305.3403,0.0033,,,,,,,
6/26/2024,305.4034,0.0033,,,,,,,
6/25/2024,305.3208,0.0033,,,,,,,
6/24/2024,305.4303,0.0033,,,,,,,
6/20/2024,305.2787,0.0033,,,,,,,
6/19/2024,304.4205,0.0033,,,,,,,
6/18/2024,303.95,0.0033,,,,,,,
6/14/2024,303.8309,0.0033,,,,,,,
6/13/2024,303.738,0.0033,,,,,,,
6/12/2024,303.4547,0.0033,,,,,,,
6/11/2024,303.031,0.0033,,,,,,,
6/10/2024,302.6971,0.0033,,,,,,,
6/7/2024,302.7081,0.0033,,,,,,,
6/6/2024,302.2895,0.0033,,,,,,,
6/5/2024,302.1706,0.0033,,,,,,,
6/4/2024,301.9524,0.0033,,,,,,,
6/3/2024,301.8946,0.0033,,,,,,,
5/31/2024,301.8883,0.0033,,,,,,,
5/30/2024,301.51,0.0033,,,,,,,
5/29/2024,301.2717,0.0033,,,,,,,
5/28/2024,300.4217,0.0033,,,,,,,
5/27/2024,299.9863,0.0033,,,,,,,
5/22/2024,299.7458,0.0033,,,,,,,
5/21/2024,299.8265,0.0033,,,,,,,
5/20/2024,299.8755,0.0033,,,,,,,
5/17/2024,301.3081,0.0033,,,,,,,
5/16/2024,302.2475,0.0033,,,,,,,
5/15/2024,300.834,0.0033,,,,,,,
5/14/2024,299.8957,0.0033,,,,,,,
5/13/2024,298.7882,0.0033,,,,,,,
5/10/2024,298.6317,0.0033,,,,,,,
5/9/2024,298.7068,0.0033,,,,,,,
5/8/2024,299.6247,0.0033,,,,,,,
5/7/2024,297.7495,0.0034,,,,,,,
5/6/2024,297.1335,0.0034,,,,,,,
5/3/2024,296.7992,0.0034,,,,,,,
5/2/2024,297.602,0.0034,,,,,,,
4/30/2024,296.8561,0.0034,,,,,,,
4/29/2024,296.2033,0.0034,,,,,,,
4/26/2024,297.1631,0.0034,,,,,,,
4/25/2024,298.7161,0.0033,,,,,,,
4/24/2024,301.4613,0.0033,,,,,,,
4/22/2024,302,0.0033,,,,,,,
4/19/2024,301.2744,0.0033,,,,,,,
4/18/2024,300.9111,0.0033,,,,,,,
4/17/2024,299.8253,0.0033,,,,,,,
4/16/2024,298.9094,0.0033,,,,,,,
4/15/2024,298.4963,0.0034,,,,,,,
4/10/2024,298.6751,0.0033,,,,,,,
4/9/2024,298.9576,0.0033,,,,,,,
4/8/2024,299.3771,0.0033,,,,,,,
4/5/2024,299.8185,0.0033,,,,,,,
4/4/2024,299.8867,0.0033,,,,,,,
4/3/2024,299.9632,0.0033,,,,,,,
4/2/2024,300.1378,0.0033,,,,,,,
4/1/2024,300.4081,0.0033,,,,,,,
3/28/2024,301.1837,0.0033,,,,,,,
3/27/2024,302.0263,0.0033,,,,,,,
3/26/2024,302.751,0.0033,,,,,,,
3/25/2024,303.5486,0.0033,,,,,,,
3/22/2024,303.9446,0.0033,,,,,,,
3/21/2024,304.3412,0.0033,,,,,,,
3/20/2024,303.9755,0.0033,,,,,,,
3/19/2024,304.637,0.0033,,,,,,,
3/18/2024,305.2394,0.0033,,,,,,,
3/15/2024,305.6448,0.0033,,,,,,,
3/14/2024,306.2613,0.0033,,,,,,,
3/13/2024,306.5707,0.0033,,,,,,,
3/12/2024,307.0298,0.0033,,,,,,,
3/11/2024,307.5613,0.0033,,,,,,,
3/7/2024,307.8186,0.0032,,,,,,,
3/6/2024,307.9685,0.0032,,,,,,,
3/5/2024,308.1077,0.0032,,,,,,,
3/4/2024,309.1297,0.0032,,,,,,,
3/1/2024,309.8946,0.0032,,,,,,,
2/29/2024,310.1532,0.0032,,,,,,,
2/28/2024,310.7494,0.0032,,,,,,,
2/27/2024,310.7593,0.0032,,,,,,,
2/26/2024,311.1185,0.0032,,,,,,,
2/22/2024,311.6802,0.0032,,,,,,,
2/21/2024,312.0305,0.0032,,,,,,,
2/20/2024,312.2604,0.0032,,,,,,,
2/19/2024,312.4391,0.0032,,,,,,,
2/16/2024,312.8934,0.0032,,,,,,,
2/15/2024,313.1705,0.0032,,,,,,,
2/14/2024,313.4241,0.0032,,,,,,,
2/13/2024,313.2487,0.0032,,,,,,,
2/12/2024,313.0338,0.0032,,,,,,,
2/9/2024,313.5869,0.0032,,,,,,,
2/8/2024,313.2212,0.0032,,,,,,,
2/7/2024,314.0343,0.0032,,,,,,,
2/6/2024,312.2364,0.0032,,,,,,,
2/5/2024,311.4132,0.0032,,,,,,,
2/2/2024,314.0218,0.0032,,,,,,,
2/1/2024,316.1275,0.0032,,,,,,,
1/31/2024,317.4089,0.0032,,,,,,,
1/30/2024,317.9432,0.0031,,,,,,,
1/29/2024,317.5185,0.0031,,,,,,,
1/26/2024,319.1591,0.0031,,,,,,,
1/24/2024,319.9412,0.0031,,,,,,,
1/23/2024,320.0536,0.0031,,,,,,,
1/22/2024,320.5246,0.0031,,,,,,,
1/19/2024,320.8826,0.0031,,,,,,,
1/18/2024,321.2243,0.0031,,,,,,,
1/17/2024,321.7534,0.0031,,,,,,,
1/16/2024,322.2038,0.0031,,,,,,,
1/12/2024,322.6884,0.0031,,,,,,,
1/11/2024,322.83,0.0031,,,,,,,
1/10/2024,322.6356,0.0031,,,,,,,
1/9/2024,322.4136,0.0031,,,,,,,
1/8/2024,322.4406,0.0031,,,,,,,
1/5/2024,322.4275,0.0031,,,,,,,
1/4/2024,322.2375,0.0031,,,,,,,
1/3/2024,321.12,0.0031,,,,,,,
1/2/2024,323.1861,0.0031,,,,,,,
1/1/2024,323.9902,0.0031,,,,,,,
12/29/2023,323.9233,0.0031,,,,,,,
12/28/2023,324.2268,0.0031,,,,,,,
12/27/2023,325.7409,0.0031,,,,,,,
12/22/2023,326.3519,0.0031,,,,,,,
12/21/2023,326.9669,0.0031,,,,,,,
12/20/2023,326.9605,0.0031,,,,,,,
12/19/2023,326.9249,0.0031,,,,,,,
12/18/2023,326.9856,0.0031,,,,,,,
12/15/2023,326.7231,0.0031,,,,,,,
12/14/2023,326.7793,0.0031,,,,,,,
12/13/2023,327.0966,0.0031,,,,,,,
12/12/2023,327.1808,0.0031,,,,,,,
12/11/2023,326.9314,0.0031,,,,,,,
12/8/2023,326.59,0.0031,,,,,,,
12/7/2023,327.1342,0.0031,,,,,,,
12/6/2023,328.0175,0.003,,,,,,,
12/5/2023,328.0314,0.003,,,,,,,
12/4/2023,327.9839,0.003,,,,,,,
12/1/2023,327.5552,0.0031,,,,,,,
11/30/2023,329.0423,0.003,,,,,,,
11/29/2023,329.509,0.003,,,,,,,
11/28/2023,329.0036,0.003,,,,,,,
11/27/2023,328.7498,0.003,,,,,,,
11/24/2023,328.7214,0.003,,,,,,,
11/23/2023,328.4842,0.003,,,,,,,
11/22/2023,328.3919,0.003,,,,,,,
11/21/2023,328.0918,0.003,,,,,,,
11/20/2023,327.9164,0.003,,,,,,,
11/17/2023,328.0732,0.003,,,,,,,
11/16/2023,328.6449,0.003,,,,,,,
11/15/2023,327.3643,0.0031,,,,,,,
11/14/2023,326.894,0.0031,,,,,,,
11/13/2023,327.193,0.0031,,,,,,,
11/10/2023,328.461,0.003,,,,,,,
11/9/2023,328.41,0.003,,,,,,,
11/8/2023,327.1236,0.0031,,,,,,,
11/7/2023,327.736,0.0031,,,,,,,
11/6/2023,328.9773,0.003,,,,,,,
11/3/2023,329.0615,0.003,,,,,,,
11/2/2023,328.0343,0.003,,,,,,,
11/1/2023,327.6173,0.0031,,,,,,,
10/31/2023,327.3817,0.0031,,,,,,,
10/30/2023,327.13,0.0031,,,,,,,
10/27/2023,326.5,0.0031,,,,,,,
10/26/2023,326.5647,0.0031,,,,,,,
10/25/2023,327.1063,0.0031,,,,,,,
10/24/2023,325.9017,0.0031,,,,,,,
10/23/2023,325,0.0031,,,,,,,
10/20/2023,324.9747,0.0031,,,,,,,
10/19/2023,324.38,0.0031,,,,,,,
10/18/2023,324.1357,0.0031,,,,,,,
10/17/2023,323.9143,0.0031,,,,,,,
10/16/2023,323.86,0.0031,,,,,,,
10/13/2023,323.7977,0.0031,,,,,,,
10/12/2023,323.848,0.0031,,,,,,,
10/11/2023,323.8082,0.0031,,,,,,,
10/10/2023,323.6026,0.0031,,,,,,,
10/9/2023,323.6117,0.0031,,,,,,,
10/6/2023,323.6946,0.0031,,,,,,,
10/5/2023,323.7722,0.0031,,,,,,,
10/4/2023,323.7654,0.0031,,,,,,,
10/3/2023,323.8,0.0031,,,,,,,
10/2/2023,323.5166,0.0031,,,,,,,
9/27/2023,324.4478,0.0031,,,,,,,
9/26/2023,324.5999,0.0031,,,,,,,
9/25/2023,324.4375,0.0031,,,,,,,
9/22/2023,324.6121,0.0031,,,,,,,
9/21/2023,324.7013,0.0031,,,,,,,
9/20/2023,324,0.0031,,,,,,,
9/19/2023,323.7088,0.0031,,,,,,,
9/18/2023,323.375,0.0031,,,,,,,
9/15/2023,323.3731,0.0031,,,,,,,
9/14/2023,323.3778,0.0031,,,,,,,
9/13/2023,322.3823,0.0031,,,,,,,
9/12/2023,322.2833,0.0031,,,,,,,
9/11/2023,321.6556,0.0031,,,,,,,
9/8/2023,322.3871,0.0031,,,,,,,
9/7/2023,321.995,0.0031,,,,,,,
9/6/2023,321.9978,0.0031,,,,,,,
9/5/2023,320.3778,0.0031,,,,,,,
9/4/2023,319.257,0.0031,,,,,,,
9/1/2023,319.6472,0.0031,,,,,,,
8/31/2023,322.6634,0.0031,,,,,,,
8/29/2023,323.9093,0.0031,,,,,,,
8/28/2023,323.8714,0.0031,,,,,,,
8/25/2023,324.05,0.0031,,,,,,,
8/24/2023,323.9704,0.0031,,,,,,,
8/23/2023,323.935,0.0031,,,,,,,
8/22/2023,323.935,0.0031,,,,,,,
8/21/2023,323.2519,0.0031,,,,,,,
8/18/2023,321.8596,0.0031,,,,,,,
8/17/2023,321.0863,0.0031,,,,,,,
8/16/2023,321.1804,0.0031,,,,,,,
8/15/2023,320.9366,0.0031,,,,,,,
8/14/2023,319.9817,0.0031,,,,,,,
8/11/2023,320.0006,0.0031,,,,,,,
8/10/2023,320.2591,0.0031,,,,,,,
8/9/2023,321.0833,0.0031,,,,,,,
8/8/2023,321.496,0.0031,,,,,,,
8/7/2023,318.4438,0.0031,,,,,,,
8/4/2023,318.4438,0.0031,,,,,,,
8/3/2023,314.0972,0.0032,,,,,,,
8/2/2023,324.6497,0.0031,,,,,,,
7/31/2023,329.3566,0.003,,,,,,,
7/28/2023,329.2804,0.003,,,,,,,
7/27/2023,329.3811,0.003,,,,,,,
7/26/2023,329.4167,0.003,,,,,,,
7/25/2023,329,0.003,,,,,,,
7/24/2023,326.75,0.0031,,,,,,,
7/21/2023,325.2204,0.0031,,,,,,,
7/20/2023,324.25,0.0031,,,,,,,
7/19/2023,322.5265,0.0031,,,,,,,
7/18/2023,322.8065,0.0031,,,,,,,
7/17/2023,319.1206,0.0031,,,,,,,
7/14/2023,316.3556,0.0032,,,,,,,
7/13/2023,314.5869,0.0032,,,,,,,
7/12/2023,313.9049,0.0032,,,,,,,
7/11/2023,312.7857,0.0032,,,,,,,
7/10/2023,311.5068,0.0032,,,,,,,
7/7/2023,308.1957,0.0032,,,,,,,
7/6/2023,306.9852,0.0033,,,,,,,
7/5/2023,306.2611,0.0033,,,,,,,
7/4/2023,308.1162,0.0032,,,,,,,
6/28/2023,308.83,0.0032,,,,,,,
6/27/2023,308.1212,0.0032,,,,,,,
6/26/2023,307,0.0033,,,,,,,
6/23/2023,306.9543,0.0033,,,,,,,
6/22/2023,306.9052,0.0033,,,,,,,
6/21/2023,306.125,0.0033,,,,,,,
6/20/2023,305.9231,0.0033,,,,,,,
6/19/2023,309.2,0.0032,,,,,,,
6/16/2023,313.8245,0.0032,,,,,,,
6/15/2023,308.4828,0.0032,,,,,,,
6/14/2023,303.2095,0.0033,,,,,,,
6/13/2023,300.4257,0.0033,,,,,,,
6/12/2023,296.2449,0.0034,,,,,,,
6/9/2023,293.2079,0.0034,,,,,,,
6/8/2023,290.9686,0.0034,,,,,,,
6/7/2023,291.2115,0.0034,,,,,,,
6/6/2023,291.5413,0.0034,,,,,,,
6/5/2023,292.3145,0.0034,,,,,,,
6/2/2023,292.2778,0.0034,,,,,,,
6/1/2023,292.4557,0.0034,,,,,,,
5/31/2023,295.5211,0.0034,,,,,,,
5/30/2023,296.6888,0.0034,,,,,,,
5/29/2023,299.1118,0.0033,,,,,,,
5/26/2023,303.05,0.0033,,,,,,,
5/25/2023,303.2681,0.0033,,,,,,,
5/24/2023,304.707,0.0033,,,,,,,
5/23/2023,305.8837,0.0033,,,,,,,
5/22/2023,307.0783,0.0033,,,,,,,
5/19/2023,305.7839,0.0033,,,,,,,
5/18/2023,307.3664,0.0033,,,,,,,
5/17/2023,310.4042,0.0032,,,,,,,
5/16/2023,312.639,0.0032,,,,,,,
5/15/2023,313.2454,0.0032,,,,,,,
5/12/2023,313.654,0.0032,,,,,,,
5/11/2023,316.6797,0.0032,,,,,,,
5/10/2023,318.0867,0.0031,,,,,,,
5/9/2023,318.5233,0.0031,,,,,,,
5/8/2023,319.4428,0.0031,,,,,,,
5/4/2023,319.9665,0.0031,,,,,,,
5/3/2023,320.9014,0.0031,,,,,,,
5/2/2023,321.4389,0.0031,,,,,,,
4/28/2023,321.65,0.0031,,,,,,,
4/27/2023,321.6324,0.0031,,,,,,,
4/26/2023,321.7598,0.0031,,,,,,,
4/25/2023,321.8,0.0031,,,,,,,
4/24/2023,321.6512,0.0031,,,,,,,
4/21/2023,321.1373,0.0031,,,,,,,
4/20/2023,320.7155,0.0031,,,,,,,
4/19/2023,320.83,0.0031,,,,,,,
4/18/2023,319.9261,0.0031,,,,,,,
4/17/2023,319.5718,0.0031,,,,,,,
4/12/2023,319.85,0.0031,,,,,,,
4/11/2023,319.833,0.0031,,,,,,,
4/10/2023,319.9741,0.0031,,,,,,,
4/6/2023,321.1748,0.0031,,,,,,,
4/4/2023,323.7837,0.0031,,,,,,,
4/3/2023,327.5,0.0031,,,,,,,
3/31/2023,327.2857,0.0031,,,,,,,
3/30/2023,325.6324,0.0031,,,,,,,
3/29/2023,322.6667,0.0031,,,,,,,
3/28/2023,319.9778,0.0031,,,,,,,
3/27/2023,320.5985,0.0031,,,,,,,
3/24/2023,318.6334,0.0031,,,,,,,
3/23/2023,317.3116,0.0032,,,,,,,
3/22/2023,321.8906,0.0031,,,,,,,
3/21/2023,335.0815,0.003,,,,,,,
3/20/2023,335.2842,0.003,,,,,,,
3/17/2023,336.8,0.003,,,,,,,
3/16/2023,337.2877,0.003,,,,,,,
3/15/2023,327.0617,0.0031,,,,,,,
3/14/2023,322.9615,0.0031,,,,,,,
3/13/2023,319.105,0.0031,,,,,,,
3/10/2023,318.633,0.0031,,,,,,,
3/9/2023,319.5585,0.0031,,,,,,,
3/8/2023,326.6337,0.0031,,,,,,,
3/7/2023,337.6693,0.003,,,,,,,
3/3/2023,346.1724,0.0029,,,,,,,
3/2/2023,353.6543,0.0028,,,,,,,
3/1/2023,358.4593,0.0028,,,,,,,
2/28/2023,361.6318,0.0028,,,,,,,
2/27/2023,362.4983,0.0028,,,,,,,
2/24/2023,362.668,0.0028,,,,,,,
2/23/2023,361.66,0.0028,,,,,,,
2/22/2023,361.6615,0.0028,,,,,,,
2/21/2023,361.92,0.0028,,,,,,,
2/20/2023,361.92,0.0028,,,,,,,
2/17/2023,361.92,0.0028,,,,,,,
2/16/2023,361.92,0.0028,,,,,,,
2/15/2023,361.92,0.0028,,,,,,,
2/14/2023,361.92,0.0028,,,,,,,
2/13/2023,361.92,0.0028,,,,,,,
2/10/2023,361.9226,0.0028,,,,,,,
2/9/2023,361.9226,0.0028,,,,,,,
2/8/2023,361.96,0.0028,,,,,,,
2/7/2023,361.96,0.0028,,,,,,,
2/6/2023,361.9589,0.0028,,,,,,,
2/3/2023,361.9686,0.0028,,,,,,,
2/2/2023,362.14,0.0028,,,,,,,
2/1/2023,362.14,0.0028,,,,,,,
1/31/2023,362.14,0.0028,,,,,,,
1/30/2023,362.14,0.0028,,,,,,,
1/27/2023,362.14,0.0028,,,,,,,
1/26/2023,362.14,0.0028,,,,,,,
1/25/2023,362.16,0.0028,,,,,,,
1/24/2023,362.16,0.0028,,,,,,,
1/23/2023,362.16,0.0028,,,,,,,
1/20/2023,362.1694,0.0028,,,,,,,
1/19/2023,362.2698,0.0028,,,,,,,
1/18/2023,362.24,0.0028,,,,,,,
1/17/2023,362.24,0.0028,,,,,,,
1/13/2023,362.24,0.0028,,,,,,,
1/12/2023,362.24,0.0028,,,,,,,
1/11/2023,362.24,0.0028,,,,,,,
1/10/2023,362.2446,0.0028,,,,,,,
1/9/2023,363.0917,0.0028,,,,,,,
1/5/2023,363.11,0.0028,,,,,,,
1/4/2023,363.11,0.0028,,,,,,,
1/3/2023,363.11,0.0028,,,,,,,
1/2/2023,363.11,0.0028,,,,,,,
12/30/2022,363.11,0.0028,,,,,,,
12/29/2022,363.13,0.0028,,,,,,,
12/28/2022,363.1326,0.0028,,,,,,,
12/27/2022,363.1,0.0028,,,,,,,
12/23/2022,363.1733,0.0028,,,,,,,
12/22/2022,363.16,0.0028,,,,,,,
12/21/2022,363.16,0.0028,,,,,,,
12/20/2022,363.1612,0.0028,,,,,,,
12/19/2022,363.18,0.0028,,,,,,,
12/16/2022,363.18,0.0028,,,,,,,
12/15/2022,363.18,0.0028,,,,,,,
12/14/2022,363.18,0.0028,,,,,,,
12/13/2022,363.18,0.0028,,,,,,,
12/12/2022,363.18,0.0028,,,,,,,
12/9/2022,363.18,0.0028,,,,,,,
12/8/2022,363.18,0.0028,,,,,,,
12/6/2022,363.18,0.0028,,,,,,,
12/5/2022,363.1767,0.0028,,,,,,,
12/2/2022,363.19,0.0028,,,,,,,
12/1/2022,363.19,0.0028,,,,,,,
11/30/2022,363.1875,0.0028,,,,,,,
11/29/2022,363.1875,0.0028,,,,,,,
11/28/2022,363,0.0028,,,,,,,
11/25/2022,363,0.0028,,,,,,,
11/24/2022,363.5,0.0028,,,,,,,
11/23/2022,363.5,0.0028,,,,,,,
11/22/2022,363.5,0.0028,,,,,,,
11/21/2022,363.5,0.0028,,,,,,,
11/18/2022,363.5,0.0028,,,,,,,
11/17/2022,363.5,0.0028,,,,,,,
11/16/2022,363.5,0.0028,,,,,,,
11/15/2022,363.5,0.0028,,,,,,,
11/14/2022,363.5,0.0028,,,,,,,
11/11/2022,363.5,0.0028,,,,,,,
11/10/2022,363.5,0.0028,,,,,,,
11/9/2022,363.5,0.0028,,,,,,,
11/8/2022,363.5,0.0028,,,,,,,
11/4/2022,363.5,0.0028,,,,,,,
11/3/2022,363.3,0.0028,,,,,,,
11/2/2022,363.3,0.0028,,,,,,,
11/1/2022,363.3,0.0028,,,,,,,
10/31/2022,363.3,0.0028,,,,,,,
10/28/2022,363.3,0.0028,,,,,,,
10/27/2022,363.3,0.0028,,,,,,,
10/26/2022,363.3,0.0028,,,,,,,
10/25/2022,363.38,0.0028,,,,,,,
10/21/2022,363.38,0.0028,,,,,,,
10/20/2022,363.38,0.0028,,,,,,,
10/19/2022,363.38,0.0028,,,,,,,
10/18/2022,363.38,0.0028,,,,,,,
10/17/2022,363.38,0.0028,,,,,,,
10/14/2022,363.14,0.0028,,,,,,,
10/13/2022,362.9,0.0028,,,,,,,
10/12/2022,362.9,0.0028,,,,,,,
10/11/2022,362.9,0.0028,,,,,,,
10/7/2022,362.9,0.0028,,,,,,,
10/6/2022,362.9,0.0028,,,,,,,
10/5/2022,362.9,0.0028,,,,,,,
10/4/2022,362.9,0.0028,,,,,,,
10/3/2022,362.9,0.0028,,,,,,,
9/30/2022,362.9,0.0028,,,,,,,
9/29/2022,362.9,0.0028,,,,,,,
9/28/2022,362.9,0.0028,,,,,,,
9/27/2022,362.9,0.0028,,,,,,,
9/26/2022,362.9,0.0028,,,,,,,
9/23/2022,362.9,0.0028,,,,,,,
9/22/2022,362.9,0.0028,,,,,,,
9/21/2022,362.9,0.0028,,,,,,,
9/20/2022,362.9,0.0028,,,,,,,
9/19/2022,362.9,0.0028,,,,,,,
9/16/2022,362.9,0.0028,,,,,,,
9/15/2022,362.45,0.0028,,,,,,,
9/14/2022,362.45,0.0028,,,,,,,
9/13/2022,362.2824,0.0028,,,,,,,
9/12/2022,362.2,0.0028,,,,,,,
9/9/2022,362,0.0028,,,,,,,
9/8/2022,361.9,0.0028,,,,,,,
9/7/2022,361.8056,0.0028,,,,,,,
9/6/2022,361.45,0.0028,,,,,,,
9/5/2022,361.45,0.0028,,,,,,,
9/2/2022,361.45,0.0028,,,,,,,
9/1/2022,361.0786,0.0028,,,,,,,
8/31/2022,361.148,0.0028,,,,,,,
8/30/2022,361.29,0.0028,,,,,,,
8/29/2022,361.17,0.0028,,,,,,,
8/26/2022,361.4,0.0028,,,,,,,
8/25/2022,361,0.0028,,,,,,,
8/24/2022,361,0.0028,,,,,,,
8/23/2022,361,0.0028,,,,,,,
8/22/2022,360.9467,0.0028,,,,,,,
8/19/2022,361,0.0028,,,,,,,
8/18/2022,360.9733,0.0028,,,,,,,
8/17/2022,360.96,0.0028,,,,,,,
8/16/2022,360.9733,0.0028,,,,,,,
8/15/2022,360.92,0.0028,,,,,,,
8/12/2022,360.85,0.0028,,,,,,,
8/10/2022,360.94,0.0028,,,,,,,
8/9/2022,360.94,0.0028,,,,,,,
8/8/2022,360.8,0.0028,,,,,,,
8/5/2022,360.8,0.0028,,,,,,,
8/4/2022,360.9254,0.0028,,,,,,,
8/3/2022,360.9254,0.0028,,,,,,,
8/2/2022,361,0.0028,,,,,,,
8/1/2022,361,0.0028,,,,,,,
7/29/2022,360.8,0.0028,,,,,,,
7/28/2022,361,0.0028,,,,,,,
7/27/2022,361,0.0028,,,,,,,
7/26/2022,361,0.0028,,,,,,,
7/25/2022,361.09,0.0028,,,,,,,
7/22/2022,361.3,0.0028,,,,,,,
7/21/2022,361.67,0.0028,,,,,,,
7/20/2022,361.87,0.0028,,,,,,,
7/19/2022,361.1657,0.0028,,,,,,,
7/18/2022,361.0331,0.0028,,,,,,,
7/15/2022,361.24,0.0028,,,,,,,
7/14/2022,361.9,0.0028,,,,,,,
7/12/2022,360.9048,0.0028,,,,,,,
7/11/2022,361.35,0.0028,,,,,,,
7/8/2022,360.3497,0.0028,,,,,,,
7/7/2022,360.82,0.0028,,,,,,,
7/6/2022,359.8167,0.0028,,,,,,,
7/5/2022,359.7941,0.0028,,,,,,,
7/4/2022,359.7941,0.0028,,,,,,,
7/1/2022,359.55,0.0028,,,,,,,
6/30/2022,359.8782,0.0028,,,,,,,
6/29/2022,359.72,0.0028,,,,,,,
6/28/2022,359.9,0.0028,,,,,,,
6/27/2022,360.3,0.0028,,,,,,,
6/24/2022,360.3,0.0028,,,,,,,
6/23/2022,360.9,0.0028,,,,,,,
6/22/2022,360.9,0.0028,,,,,,,
6/21/2022,361.75,0.0028,,,,,,,
6/20/2022,360.75,0.0028,,,,,,,
6/17/2022,359.75,0.0028,,,,,,,
6/16/2022,359.85,0.0028,,,,,,,
6/15/2022,359.85,0.0028,,,,,,,
6/13/2022,359.8338,0.0028,,,,,,,
6/10/2022,359.8,0.0028,,,,,,,
6/9/2022,360.0255,0.0028,,,,,,,
6/8/2022,360.0255,0.0028,,,,,,,
6/7/2022,360.2773,0.0028,,,,,,,
6/6/2022,360.2773,0.0028,,,,,,,
6/3/2022,360.3,0.0028,,,,,,,
6/2/2022,360.6,0.0028,,,,,,,
6/1/2022,360.1114,0.0028,,,,,,,
5/31/2022,360.76,0.0028,,,,,,,
5/30/2022,360.76,0.0028,,,,,,,
5/27/2022,359.25,0.0028,,,,,,,
5/26/2022,359.7079,0.0028,,,,,,,
5/25/2022,359.3764,0.0028,,,,,,,
5/24/2022,359.3764,0.0028,,,,,,,
5/23/2022,359.4373,0.0028,,,,,,,
5/20/2022,359.475,0.0028,,,,,,,
5/19/2022,359.55,0.0028,,,,,,,
5/18/2022,359.65,0.0028,,,,,,,
5/17/2022,359.75,0.0028,,,,,,,
5/13/2022,360,0.0028,,,,,,,
5/12/2022,360,0.0028,,,,,,,
5/11/2022,364.76,0.0027,,,,,,,
5/10/2022,364.76,0.0027,,,,,,,
5/9/2022,364.76,0.0027,,,,,,,
5/6/2022,358.5686,0.0028,,,,,,,
5/5/2022,349.9,0.0029,,,,,,,
5/4/2022,340,0.0029,,,,,,,
4/29/2022,341.85,0.0029,,,,,,,
4/28/2022,341.85,0.0029,,,,,,,
4/27/2022,337.9,0.003,,,,,,,
4/26/2022,340.465,0.0029,,,,,,,
4/25/2022,334.8,0.003,,,,,,,
4/22/2022,334.8,0.003,,,,,,,
4/21/2022,335,0.003,,,,,,,
4/20/2022,310,0.0032,,,,,,,
4/19/2022,310,0.0032,,,,,,,
4/18/2022,313.67,0.0032,,,,,,,
4/12/2022,313.67,0.0032,,,,,,,
4/11/2022,311.675,0.0032,,,,,,,
4/8/2022,299,0.0033,,,,,,,
4/7/2022,299.8125,0.0033,,,,,,,
4/6/2022,307.7891,0.0032,,,,,,,
4/5/2022,307.7891,0.0032,,,,,,,
4/4/2022,310.8571,0.0032,,,,,,,
4/1/2022,299,0.0033,,,,,,,
3/31/2022,299,0.0033,,,,,,,
3/30/2022,306.0796,0.0033,,,,,,,
3/29/2022,294.9843,0.0034,,,,,,,
3/28/2022,294.9843,0.0034,,,,,,,
3/25/2022,290,0.0034,,,,,,,
3/24/2022,280,0.0036,,,,,,,
3/23/2022,280.42,0.0036,,,,,,,
3/22/2022,280,0.0036,,,,,,,
3/21/2022,275,0.0036,,,,,,,
3/18/2022,267.8769,0.0037,,,,,,,
3/16/2022,267.8621,0.0037,,,,,,,
3/15/2022,263.33,0.0038,,,,,,,
3/14/2022,251.9685,0.004,,,,,,,
3/11/2022,251.9685,0.004,,,,,,,
3/10/2022,229.3358,0.0044,,,,,,,
3/9/2022,229.5,0.0044,,,,,,,
3/8/2022,202.0909,0.0049,,,,,,,
3/7/2022,202.04,0.0049,,,,,,,
3/4/2022,201.6305,0.005,,,,,,,
3/3/2022,202,0.005,,,,,,,
3/2/2022,201.8979,0.005,,,,,,,
2/28/2022,201.0571,0.005,,,,,,,
2/25/2022,202.33,0.0049,,,,,,,
2/24/2022,201.1908,0.005,,,,,,,
2/23/2022,201.1908,0.005,,,,,,,
2/22/2022,202,0.005,,,,,,,
2/21/2022,201.9298,0.005,,,,,,,
2/18/2022,202.1141,0.0049,,,,,,,
2/17/2022,202.0123,0.005,,,,,,,
2/15/2022,201,0.005,,,,,,,
2/14/2022,201.0142,0.005,,,,,,,
2/11/2022,202,0.005,,,,,,,
2/10/2022,201.9637,0.005,,,,,,,
2/9/2022,202.0659,0.0049,,,,,,,
2/8/2022,202.4091,0.0049,,,,,,,
2/7/2022,202,0.005,,,,,,,
2/3/2022,201.5833,0.005,,,,,,,
2/2/2022,201.4205,0.005,,,,,,,
2/1/2022,201.97,0.005,,,,,,,
1/31/2022,201.191,0.005,,,,,,,
1/28/2022,201.191,0.005,,,,,,,
1/27/2022,202,0.005,,,,,,,
1/26/2022,201.5882,0.005,,,,,,,
1/25/2022,202.0323,0.0049,,,,,,,
1/24/2022,202,0.005,,,,,,,
1/21/2022,202.75,0.0049,,,,,,,
1/20/2022,201.053,0.005,,,,,,,
1/19/2022,201.9442,0.005,,,,,,,
1/18/2022,201.9442,0.005,,,,,,,
1/13/2022,201.7844,0.005,,,,,,,
1/12/2022,200.9798,0.005,,,,,,,
1/11/2022,200.945,0.005,,,,,,,
1/10/2022,201.9011,0.005,,,,,,,
1/7/2022,201.3347,0.005,,,,,,,
1/6/2022,201.048,0.005,,,,,,,
1/5/2022,201.7081,0.005,,,,,,,
1/4/2022,200,0.005,,,,,,,
1/3/2022,200.4338,0.005,,,,,,,
12/31/2021,200.4338,0.005,,,,,,,
12/30/2021,203,0.0049,,,,,,,
12/29/2021,201,0.005,,,,,,,
12/28/2021,201.5032,0.005,,,,,,,
12/27/2021,200.918,0.005,,,,,,,
12/24/2021,200.918,0.005,,,,,,,
12/23/2021,200.7232,0.005,,,,,,,
12/22/2021,201.3214,0.005,,,,,,,
12/21/2021,201.51,0.005,,,,,,,
12/20/2021,203,0.0049,,,,,,,
12/17/2021,201.5384,0.005,,,,,,,
12/16/2021,200.6717,0.005,,,,,,,
12/15/2021,201.873,0.005,,,,,,,
12/14/2021,201.873,0.005,,,,,,,
12/13/2021,201.3297,0.005,,,,,,,
12/10/2021,201.0603,0.005,,,,,,,
12/9/2021,201.2222,0.005,,,,,,,
12/8/2021,201.5945,0.005,,,,,,,
12/7/2021,200.01,0.005,,,,,,,
12/6/2021,202.25,0.0049,,,,,,,
12/3/2021,200.4453,0.005,,,,,,,
12/2/2021,201.9333,0.005,,,,,,,
12/1/2021,202.0474,0.0049,,,,,,,
11/30/2021,202.0474,0.0049,,,,,,,
11/29/2021,201.7582,0.005,,,,,,,
11/26/2021,201.2131,0.005,,,,,,,
11/25/2021,200.9721,0.005,,,,,,,
11/24/2021,200.7778,0.005,,,,,,,
11/23/2021,202.4167,0.0049,,,,,,,
11/22/2021,202.2,0.0049,,,,,,,
11/19/2021,202.192,0.0049,,,,,,,
11/17/2021,201.3428,0.005,,,,,,,
11/16/2021,202.05,0.0049,,,,,,,
11/15/2021,202.05,0.0049,,,,,,,
11/12/2021,202.3478,0.0049,,,,,,,
11/11/2021,201.4145,0.005,,,,,,,
11/10/2021,202.3848,0.0049,,,,,,,
11/9/2021,202.0549,0.0049,,,,,,,
11/8/2021,200.3103,0.005,,,,,,,
11/5/2021,202.6244,0.0049,,,,,,,
11/3/2021,202.5566,0.0049,,,,,,,
11/2/2021,202.4998,0.0049,,,,,,,
11/1/2021,201.95,0.005,,,,,,,
10/29/2021,201.8705,0.005,,,,,,,
10/28/2021,200.0311,0.005,,,,,,,
10/27/2021,202.2092,0.0049,,,,,,,
10/26/2021,203,0.0049,,,,,,,
10/25/2021,201.9836,0.005,,,,,,,
10/22/2021,201.0455,0.005,,,,,,,
10/21/2021,200.5117,0.005,,,,,,,
10/18/2021,200.093,0.005,,,,,,,
10/15/2021,201.25,0.005,,,,,,,
10/14/2021,200.0018,0.005,,,,,,,
10/13/2021,200,0.005,,,,,,,
10/12/2021,202.4,0.0049,,,,,,,
10/11/2021,202.4,0.0049,,,,,,,
10/8/2021,202.98,0.0049,,,,,,,
10/7/2021,200.035,0.005,,,,,,,
10/6/2021,200.06,0.005,,,,,,,
10/5/2021,200,0.005,,,,,,,
10/4/2021,200.14,0.005,,,,,,,
10/1/2021,200.6959,0.005,,,,,,,
9/30/2021,199.9857,0.005,,,,,,,
9/29/2021,199.9857,0.005,,,,,,,
9/28/2021,200.0335,0.005,,,,,,,
9/27/2021,200,0.005,,,,,,,
9/24/2021,200.2591,0.005,,,,,,,
9/23/2021,199.9,0.005,,,,,,,
9/22/2021,199.6314,0.005,,,,,,,
9/21/2021,199.933,0.005,,,,,,,
9/17/2021,200,0.005,,,,,,,
9/16/2021,200.0063,0.005,,,,,,,
9/15/2021,200,0.005,,,,,,,
9/14/2021,200,0.005,,,,,,,
9/13/2021,200,0.005,,,,,,,
9/10/2021,200,0.005,,,,,,,
9/9/2021,199.9815,0.005,,,,,,,
9/8/2021,199.95,0.005,,,,,,,
9/7/2021,207.3455,0.0048,,,,,,,
9/6/2021,207.3455,0.0048,,,,,,,
9/3/2021,207.3455,0.0048,,,,,,,
9/2/2021,210,0.0048,,,,,,,
9/1/2021,210,0.0048,,,,,,,
8/31/2021,210,0.0048,,,,,,,
8/30/2021,202.6164,0.0049,,,,,,,
8/27/2021,200,0.005,,,,,,,
8/26/2021,199.95,0.005,,,,,,,
8/25/2021,199.9,0.005,,,,,,,
8/24/2021,199.9,0.005,,,,,,,
8/23/2021,199.9,0.005,,,,,,,
8/20/2021,199.9,0.005,,,,,,,
8/19/2021,199.9,0.005,,,,,,,
8/18/2021,199.9,0.005,,,,,,,
8/17/2021,199.9217,0.005,,,,,,,
8/16/2021,199.98,0.005,,,,,,,
8/13/2021,199.916,0.005,,,,,,,
8/12/2021,199.916,0.005,,,,,,,
8/11/2021,199.916,0.005,,,,,,,
8/10/2021,199.9,0.005,,,,,,,
8/9/2021,199.9075,0.005,,,,,,,
8/6/2021,199.9,0.005,,,,,,,
8/5/2021,199.9,0.005,,,,,,,
8/4/2021,199.9,0.005,,,,,,,
8/3/2021,199.9,0.005,,,,,,,
8/2/2021,199.9,0.005,,,,,,,
7/30/2021,199.9,0.005,,,,,,,
7/29/2021,199.9033,0.005,,,,,,,
7/28/2021,199.9,0.005,,,,,,,
7/27/2021,199.9076,0.005,,,,,,,
7/26/2021,199.9329,0.005,,,,,,,
7/22/2021,199.9,0.005,,,,,,,
7/20/2021,199.9019,0.005,,,,,,,
7/19/2021,199.8942,0.005,,,,,,,
7/16/2021,199.9,0.005,,,,,,,
7/15/2021,199.8998,0.005,,,,,,,
7/14/2021,199.9,0.005,,,,,,,
7/13/2021,199.9,0.005,,,,,,,
7/12/2021,199.9056,0.005,,,,,,,
7/9/2021,199.9,0.005,,,,,,,
7/8/2021,199.9,0.005,,,,,,,
7/7/2021,199.9,0.005,,,,,,,
7/6/2021,199.9,0.005,,,,,,,
7/5/2021,199.9079,0.005,,,,,,,
7/2/2021,200.5222,0.005,,,,,,,
7/1/2021,200.78,0.005,,,,,,,
6/30/2021,201.1381,0.005,,,,,,,
6/29/2021,199.9005,0.005,,,,,,,
6/28/2021,199.8904,0.005,,,,,,,
6/25/2021,199.8664,0.005,,,,,,,
6/23/2021,199.8938,0.005,,,,,,,
6/22/2021,199.9083,0.005,,,,,,,
6/21/2021,199.8743,0.005,,,,,,,
6/18/2021,199.8265,0.005,,,,,,,
6/17/2021,199.8643,0.005,,,,,,,
6/16/2021,199.7238,0.005,,,,,,,
6/15/2021,199.5,0.005,,,,,,,
6/14/2021,199.8891,0.005,,,,,,,
6/11/2021,199.7609,0.005,,,,,,,
6/10/2021,199.6761,0.005,,,,,,,
6/9/2021,199.825,0.005,,,,,,,
6/8/2021,199.695,0.005,,,,,,,
6/7/2021,199.6853,0.005,,,,,,,
6/4/2021,199.6853,0.005,,,,,,,
6/3/2021,199.5342,0.005,,,,,,,
6/2/2021,199.5,0.005,,,,,,,
6/1/2021,199.5,0.005,,,,,,,
5/31/2021,199.5,0.005,,,,,,,
5/28/2021,199.5632,0.005,,,,,,,
5/25/2021,199.5057,0.005,,,,,,,
5/24/2021,199.6668,0.005,,,,,,,
5/21/2021,199.9,0.005,,,,,,,
5/20/2021,199.6625,0.005,,,,,,,
5/19/2021,199.6716,0.005,,,,,,,
5/18/2021,199.7873,0.005,,,,,,,
5/17/2021,199.5,0.005,,,,,,,
5/13/2021,199.5,0.005,,,,,,,
5/12/2021,199.5695,0.005,,,,,,,
5/11/2021,199.5817,0.005,,,,,,,
5/10/2021,199.5062,0.005,,,,,,,
5/7/2021,199.5155,0.005,,,,,,,
5/6/2021,199.5887,0.005,,,,,,,
5/5/2021,199.5872,0.005,,,,,,,
5/4/2021,199.6915,0.005,,,,,,,
5/3/2021,199.2275,0.005,,,,,,,
4/30/2021,199.5437,0.005,,,,,,,
4/29/2021,199.75,0.005,,,,,,,
4/28/2021,197.5,0.0051,,,,,,,
4/27/2021,197.5,0.0051,,,,,,,
4/23/2021,191.9368,0.0052,,,,,,,
4/22/2021,192,0.0052,,,,,,,
4/21/2021,191.881,0.0052,,,,,,,
4/20/2021,191.9721,0.0052,,,,,,,
4/19/2021,194.4485,0.0051,,,,,,,
4/16/2021,199.9346,0.005,,,,,,,
4/15/2021,200,0.005,,,,,,,
4/12/2021,199.91,0.005,,,,,,,
4/9/2021,199.8744,0.005,,,,,,,
4/8/2021,200.0184,0.005,,,,,,,
4/7/2021,199.005,0.005,,,,,,,
4/6/2021,199.75,0.005,,,,,,,
4/5/2021,199.375,0.005,,,,,,,
4/1/2021,199.2153,0.005,,,,,,,
3/31/2021,199.0377,0.005,,,,,,,
3/30/2021,199.4353,0.005,,,,,,,
3/29/2021,198.1705,0.005,,,,,,,
3/26/2021,198.445,0.005,,,,,,,
3/25/2021,198,0.0051,,,,,,,
3/24/2021,198.953,0.005,,,,,,,
3/23/2021,197.7692,0.0051,,,,,,,
3/22/2021,197.4667,0.0051,,,,,,,
3/19/2021,199.2803,0.005,,,,,,,
3/18/2021,197.45,0.0051,,,,,,,
3/17/2021,198.4945,0.005,,,,,,,
3/16/2021,196.775,0.0051,,,,,,,
3/15/2021,196.0383,0.0051,,,,,,,
3/12/2021,196.5333,0.0051,,,,,,,
3/10/2021,195.9905,0.0051,,,,,,,
3/9/2021,195.5,0.0051,,,,,,,
3/8/2021,195.5,0.0051,,,,,,,
3/5/2021,195.3636,0.0051,,,,,,,
3/4/2021,195.2692,0.0051,,,,,,,
3/3/2021,195.6288,0.0051,,,,,,,
3/2/2021,194.5,0.0051,,,,,,,
3/1/2021,194.0149,0.0052,,,,,,,
2/25/2021,194.0119,0.0052,,,,,,,
2/24/2021,194.056,0.0052,,,,,,,
2/23/2021,194.2126,0.0051,,,,,,,
2/22/2021,194.8257,0.0051,,,,,,,
2/19/2021,194.85,0.0051,,,,,,,
2/18/2021,194.85,0.0051,,,,,,,
2/17/2021,194.958,0.0051,,,,,,,
2/16/2021,193.9717,0.0052,,,,,,,
2/15/2021,193.9717,0.0052,,,,,,,
2/12/2021,194.625,0.0051,,,,,,,
2/11/2021,194.5,0.0051,,,,,,,
2/10/2021,194.309,0.0051,,,,,,,
2/9/2021,194.358,0.0051,,,,,,,
2/8/2021,193.7369,0.0052,,,,,,,
2/5/2021,194.4118,0.0051,,,,,,,
2/3/2021,194.0008,0.0052,,,,,,,
2/2/2021,192.5656,0.0052,,,,,,,
2/1/2021,190.9824,0.0052,,,,,,,
1/29/2021,194.3948,0.0051,,,,,,,
1/27/2021,195.863,0.0051,,,,,,,
1/26/2021,196.1519,0.0051,,,,,,,
1/25/2021,196.8017,0.0051,,,,,,,
1/22/2021,196.425,0.0051,,,,,,,
1/21/2021,194.798,0.0051,,,,,,,
1/20/2021,194.798,0.0051,,,,,,,
1/19/2021,193.6458,0.0052,,,,,,,
1/18/2021,192.7447,0.0052,,,,,,,
1/15/2021,191.0367,0.0052,,,,,,,
1/13/2021,186.994,0.0053,,,,,,,
1/12/2021,187,0.0053,,,,,,,
1/11/2021,187.5251,0.0053,,,,,,,
1/8/2021,185.5,0.0054,,,,,,,
1/7/2021,185,0.0054,,,,,,,
1/6/2021,185,0.0054,,,,,,,
1/5/2021,185,0.0054,,,,,,,
1/4/2021,185.275,0.0054,,,,,,,
1/1/2021,185.3906,0.0054,,,,,,,
12/31/2020,186.4082,0.0054,,,,,,,
12/30/2020,187.9667,0.0053,,,,,,,
12/28/2020,190.2846,0.0053,,,,,,,
12/24/2020,190.2188,0.0053,,,,,,,
12/23/2020,189.2842,0.0053,,,,,,,
12/22/2020,187.7,0.0053,,,,,,,
12/21/2020,187.86,0.0053,,,,,,,
12/18/2020,187.878,0.0053,,,,,,,
12/17/2020,188.0686,0.0053,,,,,,,
12/16/2020,187.8877,0.0053,,,,,,,
12/15/2020,186.7323,0.0054,,,,,,,
12/14/2020,186.02,0.0054,,,,,,,
12/11/2020,185.9087,0.0054,,,,,,,
12/10/2020,185.9231,0.0054,,,,,,,
12/9/2020,186.1692,0.0054,,,,,,,
12/8/2020,186.2349,0.0054,,,,,,,
12/7/2020,185.4773,0.0054,,,,,,,
12/4/2020,186.5279,0.0054,,,,,,,
12/3/2020,186.8761,0.0054,,,,,,,
12/2/2020,185.6,0.0054,,,,,,,
12/1/2020,185.8,0.0054,,,,,,,
11/30/2020,184.9601,0.0054,,,,,,,
11/27/2020,185.2192,0.0054,,,,,,,
11/26/2020,185.5071,0.0054,,,,,,,
11/25/2020,185.4,0.0054,,,,,,,
11/24/2020,185.4844,0.0054,,,,,,,
11/23/2020,185.1174,0.0054,,,,,,,
11/20/2020,184.6405,0.0054,,,,,,,
11/19/2020,184.9321,0.0054,,,,,,,
11/18/2020,184.9,0.0054,,,,,,,
11/17/2020,185.0098,0.0054,,,,,,,
11/16/2020,184.6106,0.0054,,,,,,,
11/13/2020,184.6036,0.0054,,,,,,,
11/12/2020,184.5985,0.0054,,,,,,,
11/11/2020,184.5183,0.0054,,,,,,,
11/10/2020,184.6113,0.0054,,,,,,,
11/9/2020,184.4664,0.0054,,,,,,,
11/6/2020,184.437,0.0054,,,,,,,
11/5/2020,184.3855,0.0054,,,,,,,
11/4/2020,184.431,0.0054,,,,,,,
11/3/2020,184.4256,0.0054,,,,,,,
11/2/2020,184.2938,0.0054,,,,,,,
10/29/2020,184.2769,0.0054,,,,,,,
10/28/2020,184.2983,0.0054,,,,,,,
10/27/2020,184.3315,0.0054,,,,,,,
10/26/2020,184.5397,0.0054,,,,,,,
10/23/2020,184.3012,0.0054,,,,,,,
10/22/2020,184.3514,0.0054,,,,,,,
10/21/2020,184.4198,0.0054,,,,,,,
10/20/2020,184.3122,0.0054,,,,,,,
10/19/2020,184.3203,0.0054,,,,,,,
10/16/2020,184.6942,0.0054,,,,,,,
10/15/2020,184.6039,0.0054,,,,,,,
10/14/2020,184.2721,0.0054,,,,,,,
10/13/2020,184.1919,0.0054,,,,,,,
10/12/2020,184.1909,0.0054,,,,,,,
10/9/2020,184.1916,0.0054,,,,,,,
10/8/2020,184.4723,0.0054,,,,,,,
10/7/2020,184.7127,0.0054,,,,,,,
10/6/2020,184.7631,0.0054,,,,,,,
10/5/2020,184.5675,0.0054,,,,,,,
10/2/2020,184.9467,0.0054,,,,,,,
9/30/2020,185.5224,0.0054,,,,,,,
9/29/2020,185.2765,0.0054,,,,,,,
9/28/2020,185.1969,0.0054,,,,,,,
9/25/2020,185.0175,0.0054,,,,,,,
9/24/2020,185.0959,0.0054,,,,,,,
9/23/2020,185.3808,0.0054,,,,,,,
9/22/2020,185.5337,0.0054,,,,,,,
9/21/2020,185.3935,0.0054,,,,,,,
9/18/2020,184.9621,0.0054,,,,,,,
9/17/2020,184.8888,0.0054,,,,,,,
9/16/2020,184.4109,0.0054,,,,,,,
9/15/2020,184.2087,0.0054,,,,,,,
9/14/2020,184.5487,0.0054,,,,,,,
9/11/2020,184.736,0.0054,,,,,,,
9/10/2020,184.3531,0.0054,,,,,,,
9/9/2020,184.3959,0.0054,,,,,,,
9/8/2020,184.7814,0.0054,,,,,,,
9/7/2020,185.2125,0.0054,,,,,,,
9/4/2020,185.2317,0.0054,,,,,,,
9/3/2020,185.4189,0.0054,,,,,,,
9/2/2020,186.1004,0.0054,,,,,,,
8/31/2020,186.1578,0.0054,,,,,,,
8/28/2020,186.2504,0.0054,,,,,,,
8/27/2020,186.3253,0.0054,,,,,,,
8/26/2020,186.1231,0.0054,,,,,,,
8/25/2020,184.7242,0.0054,,,,,,,
8/24/2020,184.1213,0.0054,,,,,,,
8/21/2020,186.0642,0.0054,,,,,,,
8/20/2020,185.2732,0.0054,,,,,,,
8/19/2020,184.0783,0.0054,,,,,,,
8/18/2020,183.3052,0.0055,,,,,,,
8/17/2020,182.8155,0.0055,,,,,,,
8/14/2020,182.645,0.0055,,,,,,,
8/13/2020,183.4614,0.0055,,,,,,,
8/12/2020,184.2772,0.0054,,,,,,,
8/11/2020,184.8127,0.0054,,,,,,,
8/10/2020,185.3294,0.0054,,,,,,,
8/7/2020,185.4435,0.0054,,,,,,,
8/6/2020,185.5025,0.0054,,,,,,,
8/5/2020,185.5532,0.0054,,,,,,,
8/4/2020,185.6137,0.0054,,,,,,,
7/31/2020,185.6769,0.0054,,,,,,,
7/30/2020,185.7224,0.0054,,,,,,,
7/29/2020,185.7586,0.0054,,,,,,,
7/28/2020,185.7498,0.0054,,,,,,,
7/27/2020,185.7681,0.0054,,,,,,,
7/24/2020,185.7495,0.0054,,,,,,,
7/23/2020,185.7909,0.0054,,,,,,,
7/22/2020,185.776,0.0054,,,,,,,
7/21/2020,185.7477,0.0054,,,,,,,
7/20/2020,185.7792,0.0054,,,,,,,
7/17/2020,185.8043,0.0054,,,,,,,
7/16/2020,185.8084,0.0054,,,,,,,
7/15/2020,185.8384,0.0054,,,,,,,
7/14/2020,185.9109,0.0054,,,,,,,
7/13/2020,185.8664,0.0054,,,,,,,
7/10/2020,185.7142,0.0054,,,,,,,
7/9/2020,185.8278,0.0054,,,,,,,
7/8/2020,185.8464,0.0054,,,,,,,
7/7/2020,185.8686,0.0054,,,,,,,
7/6/2020,185.9691,0.0054,,,,,,,
7/3/2020,186.0915,0.0054,,,,,,,
7/2/2020,186.2482,0.0054,,,,,,,
7/1/2020,186.2067,0.0054,,,,,,,
6/30/2020,186.2292,0.0054,,,,,,,
6/29/2020,186.1179,0.0054,,,,,,,
6/26/2020,186.44,0.0054,,,,,,,
6/25/2020,186.5942,0.0054,,,,,,,
6/24/2020,186.6693,0.0054,,,,,,,
6/23/2020,186.603,0.0054,,,,,,,
6/22/2020,186.5972,0.0054,,,,,,,
6/19/2020,186.5611,0.0054,,,,,,,
6/18/2020,186.6082,0.0054,,,,,,,
6/17/2020,185.9544,0.0054,,,,,,,
6/16/2020,185.6585,0.0054,,,,,,,
6/15/2020,185.1799,0.0054,,,,,,,
6/12/2020,185.1677,0.0054,,,,,,,
6/11/2020,185.1107,0.0054,,,,,,,
6/10/2020,185.0856,0.0054,,,,,,,
6/9/2020,185.0714,0.0054,,,,,,,
6/8/2020,185.4808,0.0054,,,,,,,
6/4/2020,185.7939,0.0054,,,,,,,
6/3/2020,185.8628,0.0054,,,,,,,
6/2/2020,186.1136,0.0054,,,,,,,
6/1/2020,186.1456,0.0054,,,,,,,
5/29/2020,186.2865,0.0054,,,,,,,
5/28/2020,186.1153,0.0054,,,,,,,
5/27/2020,186.081,0.0054,,,,,,,
5/26/2020,185.6954,0.0054,,,,,,,
5/22/2020,186.9062,0.0054,,,,,,,
5/21/2020,187.2876,0.0053,,,,,,,
5/20/2020,187.6121,0.0053,,,,,,,
5/19/2020,187.59,0.0053,,,,,,,
5/18/2020,187.9868,0.0053,,,,,,,
5/15/2020,188.0186,0.0053,,,,,,,
5/14/2020,188.1954,0.0053,,,,,,,
5/13/2020,188.4262,0.0053,,,,,,,
5/12/2020,188.1075,0.0053,,,,,,,
5/11/2020,188.3479,0.0053,,,,,,,
5/6/2020,188.952,0.0053,,,,,,,
5/5/2020,190.1281,0.0053,,,,,,,
5/4/2020,191.9692,0.0052,,,,,,,
4/30/2020,192.85,0.0052,,,,,,,
4/29/2020,192.7667,0.0052,,,,,,,
4/28/2020,192.5,0.0052,,,,,,,
4/27/2020,192,0.0052,,,,,,,
4/24/2020,192,0.0052,,,,,,,
4/23/2020,192.72,0.0052,,,,,,,
4/22/2020,192.6909,0.0052,,,,,,,
4/21/2020,194.8458,0.0051,,,,,,,
4/20/2020,191.7233,0.0052,,,,,,,
4/17/2020,192.6776,0.0052,,,,,,,
4/16/2020,191.6919,0.0052,,,,,,,
4/15/2020,192.9366,0.0052,,,,,,,
4/9/2020,199.7543,0.005,,,,,,,
4/8/2020,198.4216,0.005,,,,,,,
4/6/2020,194.8023,0.0051,,,,,,,
4/3/2020,191,0.0052,,,,,,,
4/2/2020,190,0.0053,,,,,,,
4/1/2020,190.1563,0.0053,,,,,,,
3/31/2020,188.6236,0.0053,,,,,,,
3/30/2020,190.5,0.0052,,,,,,,
3/27/2020,189.25,0.0053,,,,,,,
3/26/2020,189.25,0.0053,,,,,,,
3/25/2020,189.25,0.0053,,,,,,,
3/24/2020,187,0.0053,,,,,,,
3/23/2020,187,0.0053,,,,,,,
3/20/2020,186.9384,0.0053,,,,,,,
3/19/2020,184.9298,0.0054,,,,,,,
3/18/2020,185.0854,0.0054,,,,,,,
3/17/2020,183.6968,0.0054,,,,,,,
3/13/2020,182.8203,0.0055,,,,,,,
3/12/2020,182.4348,0.0055,,,,,,,
3/11/2020,182.4495,0.0055,,,,,,,
3/10/2020,181.8312,0.0055,,,,,,,
3/6/2020,181.9223,0.0055,,,,,,,
3/5/2020,182.0347,0.0055,,,,,,,
3/4/2020,182.1086,0.0055,,,,,,,
3/3/2020,182.0821,0.0055,,,,,,,
3/2/2020,181.9261,0.0055,,,,,,,
2/28/2020,181.8071,0.0055,,,,,,,
2/27/2020,181.687,0.0055,,,,,,,
2/26/2020,181.7458,0.0055,,,,,,,
2/25/2020,181.7795,0.0055,,,,,,,
2/24/2020,181.8423,0.0055,,,,,,,
2/20/2020,181.8976,0.0055,,,,,,,
2/19/2020,181.6199,0.0055,,,,,,,
2/18/2020,181.5334,0.0055,,,,,,,
2/17/2020,181.4757,0.0055,,,,,,,
2/14/2020,181.4571,0.0055,,,,,,,
2/13/2020,181.4481,0.0055,,,,,,,
2/12/2020,181.424,0.0055,,,,,,,
2/11/2020,181.4241,0.0055,,,,,,,
2/10/2020,181.3709,0.0055,,,,,,,
2/7/2020,181.3408,0.0055,,,,,,,
2/6/2020,181.3973,0.0055,,,,,,,
2/5/2020,181.4781,0.0055,,,,,,,
2/3/2020,181.4017,0.0055,,,,,,,
1/31/2020,181.5857,0.0055,,,,,,,
1/30/2020,181.4984,0.0055,,,,,,,
1/29/2020,181.5348,0.0055,,,,,,,
1/28/2020,181.5275,0.0055,,,,,,,
1/27/2020,181.4427,0.0055,,,,,,,
1/24/2020,181.4156,0.0055,,,,,,,
1/23/2020,181.4718,0.0055,,,,,,,
1/22/2020,181.3344,0.0055,,,,,,,
1/21/2020,181.3382,0.0055,,,,,,,
1/20/2020,181.3097,0.0055,,,,,,,
1/17/2020,181.3814,0.0055,,,,,,,
1/16/2020,181.5279,0.0055,,,,,,,
1/14/2020,181.3012,0.0055,,,,,,,
1/13/2020,181.4054,0.0055,,,,,,,
1/9/2020,181.4217,0.0055,,,,,,,
1/8/2020,181.3102,0.0055,,,,,,,
1/7/2020,181.4523,0.0055,,,,,,,
1/6/2020,181.3198,0.0055,,,,,,,
1/3/2020,181.3687,0.0055,,,,,,,
1/2/2020,181.028,0.0055,,,,,,,
1/1/2020,181.5011,0.0055,,,,,,,
12/31/2019,181.634,0.0055,,,,,,,
12/30/2019,181.3597,0.0055,,,,,,,
12/27/2019,181.3709,0.0055,,,,,,,
12/26/2019,181.3985,0.0055,,,,,,,
12/24/2019,181.294,0.0055,,,,,,,
12/23/2019,181.3806,0.0055,,,,,,,
12/20/2019,181.3295,0.0055,,,,,,,
12/19/2019,181.1935,0.0055,,,,,,,
12/18/2019,181.1156,0.0055,,,,,,,
12/17/2019,181.2795,0.0055,,,,,,,
12/16/2019,181.0586,0.0055,,,,,,,
12/13/2019,180.8635,0.0055,,,,,,,
12/12/2019,181.1914,0.0055,,,,,,,
12/10/2019,181.2534,0.0055,,,,,,,
12/9/2019,181.4231,0.0055,,,,,,,
12/6/2019,181.2836,0.0055,,,,,,,
12/5/2019,181.3196,0.0055,,,,,,,
12/4/2019,181.4671,0.0055,,,,,,,
12/3/2019,180.9742,0.0055,,,,,,,
12/2/2019,180.8879,0.0055,,,,,,,
11/29/2019,180.4323,0.0055,,,,,,,
11/28/2019,181.001,0.0055,,,,,,,
11/27/2019,181.1855,0.0055,,,,,,,
11/26/2019,180.491,0.0055,,,,,,,
11/25/2019,179.9723,0.0056,,,,,,,
11/22/2019,179.4674,0.0056,,,,,,,
11/21/2019,179.1466,0.0056,,,,,,,
11/20/2019,179.2694,0.0056,,,,,,,
11/19/2019,179.9096,0.0056,,,,,,,
11/18/2019,180.2128,0.0055,,,,,,,
11/15/2019,180.2548,0.0055,,,,,,,
11/14/2019,180.1982,0.0055,,,,,,,
11/13/2019,180.6983,0.0055,,,,,,,
11/8/2019,180.9083,0.0055,,,,,,,
11/7/2019,180.5518,0.0055,,,,,,,
11/6/2019,180.0088,0.0056,,,,,,,
11/5/2019,180.7581,0.0055,,,,,,,
11/4/2019,181.2844,0.0055,,,,,,,
11/1/2019,181.3352,0.0055,,,,,,,
10/31/2019,181.6011,0.0055,,,,,,,
10/30/2019,181.5614,0.0055,,,,,,,
10/29/2019,181.4573,0.0055,,,,,,,
10/28/2019,181.3109,0.0055,,,,,,,
10/25/2019,181.1849,0.0055,,,,,,,
10/24/2019,181.4849,0.0055,,,,,,,
10/23/2019,181.6278,0.0055,,,,,,,
10/22/2019,181.8116,0.0055,,,,,,,
10/21/2019,181.9793,0.0055,,,,,,,
10/18/2019,182.0273,0.0055,,,,,,,
10/17/2019,181.8746,0.0055,,,,,,,
10/16/2019,181.7571,0.0055,,,,,,,
10/15/2019,180.7469,0.0055,,,,,,,
10/14/2019,180.6777,0.0055,,,,,,,
10/11/2019,180.6293,0.0055,,,,,,,
10/10/2019,180.4535,0.0055,,,,,,,
10/9/2019,180.6316,0.0055,,,,,,,
10/8/2019,181.0633,0.0055,,,,,,,
10/7/2019,181.457,0.0055,,,,,,,
10/4/2019,181.6494,0.0055,,,,,,,
10/3/2019,182.119,0.0055,,,,,,,
10/2/2019,182.3272,0.0055,,,,,,,
10/1/2019,181.9427,0.0055,,,,,,,
9/30/2019,181.9272,0.0055,,,,,,,
9/27/2019,181.7509,0.0055,,,,,,,
9/26/2019,181.4791,0.0055,,,,,,,
9/25/2019,181.4365,0.0055,,,,,,,
9/24/2019,181.2799,0.0055,,,,,,,
9/23/2019,181.0995,0.0055,,,,,,,
9/20/2019,180.9846,0.0055,,,,,,,
9/19/2019,180.8088,0.0055,,,,,,,
9/18/2019,180.6267,0.0055,,,,,,,
9/17/2019,180.4781,0.0055,,,,,,,
9/16/2019,180.3466,0.0055,,,,,,,
9/12/2019,180.3541,0.0055,,,,,,,
9/11/2019,180.3981,0.0055,,,,,,,
9/10/2019,180.5674,0.0055,,,,,,,
9/9/2019,180.8506,0.0055,,,,,,,
9/6/2019,180.6611,0.0055,,,,,,,
9/5/2019,180.5399,0.0055,,,,,,,
9/4/2019,180.2128,0.0055,,,,,,,
9/3/2019,179.6846,0.0056,,,,,,,
9/2/2019,180.0171,0.0056,,,,,,,
8/30/2019,180.7243,0.0055,,,,,,,
8/29/2019,180.0718,0.0056,,,,,,,
8/28/2019,179.6824,0.0056,,,,,,,
8/27/2019,179.8292,0.0056,,,,,,,
8/26/2019,179.9776,0.0056,,,,,,,
8/23/2019,179.4669,0.0056,,,,,,,
8/22/2019,178.3839,0.0056,,,,,,,
8/21/2019,177.7501,0.0056,,,,,,,
8/20/2019,177.3646,0.0056,,,,,,,
8/19/2019,177.0103,0.0056,,,,,,,
8/16/2019,177.043,0.0056,,,,,,,
8/15/2019,176.9031,0.0057,,,,,,,
8/13/2019,176.8472,0.0057,,,,,,,
8/9/2019,177.3123,0.0056,,,,,,,
8/8/2019,177.5744,0.0056,,,,,,,
8/7/2019,177.2986,0.0056,,,,,,,
8/6/2019,176.8192,0.0057,,,,,,,
8/5/2019,176.5943,0.0057,,,,,,,
8/2/2019,176.4103,0.0057,,,,,,,
8/1/2019,176.3463,0.0057,,,,,,,
7/31/2019,176.242,0.0057,,,,,,,
7/30/2019,176.186,0.0057,,,,,,,
7/29/2019,176.1722,0.0057,,,,,,,
7/26/2019,176.1621,0.0057,,,,,,,
7/25/2019,176.1681,0.0057,,,,,,,
7/24/2019,176.0787,0.0057,,,,,,,
7/23/2019,175.8648,0.0057,,,,,,,
7/22/2019,175.8185,0.0057,,,,,,,
7/19/2019,175.6818,0.0057,,,,,,,
7/18/2019,175.6897,0.0057,,,,,,,
7/17/2019,175.6066,0.0057,,,,,,,
7/15/2019,175.5101,0.0057,,,,,,,
7/12/2019,175.4623,0.0057,,,,,,,
7/11/2019,175.5204,0.0057,,,,,,,
7/10/2019,175.9131,0.0057,,,,,,,
7/9/2019,176.1689,0.0057,,,,,,,
7/8/2019,176.1646,0.0057,,,,,,,
7/5/2019,176.0788,0.0057,,,,,,,
7/4/2019,176.0964,0.0057,,,,,,,
7/3/2019,176.3445,0.0057,,,,,,,
7/2/2019,176.3296,0.0057,,,,,,,
7/1/2019,176.5246,0.0057,,,,,,,
6/28/2019,176.5424,0.0057,,,,,,,
6/27/2019,176.5776,0.0057,,,,,,,
6/26/2019,176.4128,0.0057,,,,,,,
6/25/2019,176.6818,0.0057,,,,,,,
6/24/2019,176.7773,0.0057,,,,,,,
6/21/2019,176.6842,0.0057,,,,,,,
6/20/2019,176.765,0.0057,,,,,,,
6/19/2019,176.8237,0.0057,,,,,,,
6/18/2019,176.8799,0.0057,,,,,,,
6/17/2019,176.7413,0.0057,,,,,,,
6/14/2019,176.6075,0.0057,,,,,,,
6/13/2019,176.4977,0.0057,,,,,,,
6/12/2019,176.4514,0.0057,,,,,,,
6/11/2019,176.4789,0.0057,,,,,,,
6/10/2019,176.4305,0.0057,,,,,,,
6/7/2019,176.4107,0.0057,,,,,,,
6/6/2019,176.4209,0.0057,,,,,,,
6/4/2019,176.5159,0.0057,,,,,,,
6/3/2019,176.4889,0.0057,,,,,,,
5/31/2019,176.4128,0.0057,,,,,,,
5/30/2019,176.2329,0.0057,,,,,,,
5/29/2019,176.3195,0.0057,,,,,,,
5/28/2019,176.1232,0.0057,,,,,,,
5/27/2019,176.4884,0.0057,,,,,,,
5/24/2019,176.6843,0.0057,,,,,,,
5/23/2019,176.662,0.0057,,,,,,,
5/22/2019,176.1838,0.0057,,,,,,,
5/21/2019,175.8892,0.0057,,,,,,,
5/17/2019,176.2791,0.0057,,,,,,,
5/16/2019,176.4147,0.0057,,,,,,,
5/15/2019,176.7966,0.0057,,,,,,,
5/14/2019,176.5361,0.0057,,,,,,,
5/13/2019,176.1648,0.0057,,,,,,,
5/10/2019,175.529,0.0057,,,,,,,
5/9/2019,176.103,0.0057,,,,,,,
5/8/2019,177.2202,0.0056,,,,,,,
5/7/2019,177.62,0.0056,,,,,,,
5/6/2019,176.939,0.0057,,,,,,,
5/3/2019,176.8017,0.0057,,,,,,,
5/2/2019,175.9381,0.0057,,,,,,,
4/30/2019,175.4635,0.0057,,,,,,,
4/29/2019,175.24,0.0057,,,,,,,
4/26/2019,175.0153,0.0057,,,,,,,
4/25/2019,174.7458,0.0057,,,,,,,
4/24/2019,174.59,0.0057,,,,,,,
4/23/2019,174.7604,0.0057,,,,,,,
4/22/2019,174.4335,0.0057,,,,,,,
4/18/2019,174.6659,0.0057,,,,,,,
4/17/2019,174.6477,0.0057,,,,,,,
4/16/2019,174.6152,0.0057,,,,,,,
4/12/2019,174.6648,0.0057,,,,,,,
4/11/2019,174.7157,0.0057,,,,,,,
4/10/2019,174.7282,0.0057,,,,,,,
4/9/2019,174.7209,0.0057,,,,,,,
4/8/2019,174.844,0.0057,,,,,,,
4/5/2019,174.7415,0.0057,,,,,,,
4/4/2019,174.6211,0.0057,,,,,,,
4/3/2019,174.5033,0.0057,,,,,,,
4/2/2019,174.7519,0.0057,,,,,,,
4/1/2019,175.555,0.0057,,,,,,,
3/29/2019,176.13,0.0057,,,,,,,
3/28/2019,176.4251,0.0057,,,,,,,
3/27/2019,177.8233,0.0056,,,,,,,
3/26/2019,178.156,0.0056,,,,,,,
3/25/2019,178.0969,0.0056,,,,,,,
3/22/2019,178.1267,0.0056,,,,,,,
3/21/2019,178.4624,0.0056,,,,,,,
3/19/2019,178.408,0.0056,,,,,,,
3/18/2019,178.7486,0.0056,,,,,,,
3/15/2019,178.88,0.0056,,,,,,,
3/14/2019,178.9307,0.0056,,,,,,,
3/13/2019,178.7689,0.0056,,,,,,,
3/12/2019,178.5096,0.0056,,,,,,,
3/11/2019,178.3794,0.0056,,,,,,,
3/8/2019,178.4507,0.0056,,,,,,,
3/7/2019,178.5012,0.0056,,,,,,,
3/6/2019,179.5852,0.0056,,,,,,,
3/5/2019,179.6806,0.0056,,,,,,,
3/1/2019,180.1021,0.0056,,,,,,,
2/28/2019,179.7994,0.0056,,,,,,,
2/27/2019,179.8414,0.0056,,,,,,,
2/26/2019,179.7118,0.0056,,,,,,,
2/25/2019,179.482,0.0056,,,,,,,
2/22/2019,179.5583,0.0056,,,,,,,
2/21/2019,179.6042,0.0056,,,,,,,
2/20/2019,179.6789,0.0056,,,,,,,
2/18/2019,178.7021,0.0056,,,,,,,
2/15/2019,178.6319,0.0056,,,,,,,
2/14/2019,178.5202,0.0056,,,,,,,
2/13/2019,178.2212,0.0056,,,,,,,
2/12/2019,177.7812,0.0056,,,,,,,
2/11/2019,177.9469,0.0056,,,,,,,
2/8/2019,177.5755,0.0056,,,,,,,
2/7/2019,178.0456,0.0056,,,,,,,
2/6/2019,177.824,0.0056,,,,,,,
2/5/2019,177.5497,0.0056,,,,,,,
2/1/2019,178.7208,0.0056,,,,,,,
1/31/2019,179.8821,0.0056,,,,,,,
1/30/2019,181.5259,0.0055,,,,,,,
1/29/2019,181.6271,0.0055,,,,,,,
1/28/2019,181.6262,0.0055,,,,,,,
1/25/2019,181.8987,0.0055,,,,,,,
1/24/2019,182.263,0.0055,,,,,,,
1/23/2019,181.85,0.0055,,,,,,,
1/22/2019,181.7506,0.0055,,,,,,,
1/21/2019,181.7405,0.0055,,,,,,,
1/18/2019,182.3121,0.0055,,,,,,,
1/17/2019,182.385,0.0055,,,,,,,
1/16/2019,182.2205,0.0055,,,,,,,
1/14/2019,181.8156,0.0055,,,,,,,
1/11/2019,182.292,0.0055,,,,,,,
1/10/2019,182.6258,0.0055,,,,,,,
1/9/2019,182.4676,0.0055,,,,,,,
1/8/2019,182.5069,0.0055,,,,,,,
1/7/2019,182.8278,0.0055,,,,,,,
1/4/2019,182.8783,0.0055,,,,,,,
1/3/2019,182.8568,0.0055,,,,,,,
1/2/2019,182.5464,0.0055,,,,,,,
1/1/2019,182.9113,0.0055,,,,,,,
12/31/2018,182.7499,0.0055,,,,,,,
12/28/2018,182.2783,0.0055,,,,,,,
12/27/2018,181.7208,0.0055,,,,,,,
12/26/2018,181.472,0.0055,,,,,,,
12/24/2018,181.2244,0.0055,,,,,,,
12/21/2018,180.7979,0.0055,,,,,,,
12/20/2018,180.4,0.0055,,,,,,,
12/19/2018,180.0312,0.0056,,,,,,,
12/18/2018,179.8466,0.0056,,,,,,,
12/17/2018,179.8685,0.0056,,,,,,,
12/14/2018,179.6566,0.0056,,,,,,,
12/13/2018,179.4668,0.0056,,,,,,,
12/12/2018,179.1527,0.0056,,,,,,,
12/11/2018,178.8981,0.0056,,,,,,,
12/10/2018,178.8155,0.0056,,,,,,,
12/7/2018,179.1104,0.0056,,,,,,,
12/6/2018,179.1033,0.0056,,,,,,,
12/5/2018,178.9267,0.0056,,,,,,,
12/4/2018,178.8232,0.0056,,,,,,,
12/3/2018,179.6165,0.0056,,,,,,,
11/30/2018,179.6722,0.0056,,,,,,,
11/29/2018,180.0474,0.0056,,,,,,,
11/28/2018,180.3916,0.0055,,,,,,,
11/27/2018,180.1114,0.0056,,,,,,,
11/26/2018,179.4631,0.0056,,,,,,,
11/23/2018,178.3986,0.0056,,,,,,,
11/21/2018,177.1682,0.0056,,,,,,,
11/19/2018,176.5966,0.0057,,,,,,,
11/16/2018,176.4816,0.0057,,,,,,,
11/15/2018,176.2254,0.0057,,,,,,,
11/14/2018,176.0527,0.0057,,,,,,,
11/13/2018,175.5942,0.0057,,,,,,,
11/12/2018,175.2614,0.0057,,,,,,,
11/9/2018,175.1377,0.0057,,,,,,,
11/8/2018,174.8183,0.0057,,,,,,,
11/7/2018,174.5314,0.0057,,,,,,,
11/5/2018,174.342,0.0057,,,,,,,
11/2/2018,174.4937,0.0057,,,,,,,
11/1/2018,175.3557,0.0057,,,,,,,
10/31/2018,174.3762,0.0057,,,,,,,
10/30/2018,173.9718,0.0057,,,,,,,
10/29/2018,172.9639,0.0058,,,,,,,
10/26/2018,172.8276,0.0058,,,,,,,
10/25/2018,172.7322,0.0058,,,,,,,
10/23/2018,172.1625,0.0058,,,,,,,
10/22/2018,171.6692,0.0058,,,,,,,
10/19/2018,171.2367,0.0058,,,,,,,
10/18/2018,170.9331,0.0059,,,,,,,
10/17/2018,170.9227,0.0059,,,,,,,
10/16/2018,170.3548,0.0059,,,,,,,
10/15/2018,170.9078,0.0059,,,,,,,
10/12/2018,171.3456,0.0058,,,,,,,
10/11/2018,171.3034,0.0058,,,,,,,
10/10/2018,170.9457,0.0058,,,,,,,
10/9/2018,170.6859,0.0059,,,,,,,
10/8/2018,170.2896,0.0059,,,,,,,
10/5/2018,170.0072,0.0059,,,,,,,
10/4/2018,169.5961,0.0059,,,,,,,
10/3/2018,169.2425,0.0059,,,,,,,
10/2/2018,169.1966,0.0059,,,,,,,
10/1/2018,169.2762,0.0059,,,,,,,
9/28/2018,169.2383,0.0059,,,,,,,
9/27/2018,168.8687,0.0059,,,,,,,
9/26/2018,168.803,0.0059,,,,,,,
9/25/2018,168.642,0.0059,,,,,,,
9/21/2018,168.0316,0.006,,,,,,,
9/20/2018,166.4663,0.006,,,,,,,
9/19/2018,165.6326,0.006,,,,,,,
9/18/2018,164.4062,0.0061,,,,,,,
9/17/2018,163.1284,0.0061,,,,,,,
9/14/2018,162.805,0.0061,,,,,,,
9/13/2018,162.5011,0.0062,,,,,,,
9/12/2018,162.2853,0.0062,,,,,,,
9/11/2018,162.3613,0.0062,,,,,,,
9/10/2018,161.7706,0.0062,,,,,,,
9/7/2018,161.9807,0.0062,,,,,,,
9/6/2018,162.0424,0.0062,,,,,,,
9/5/2018,161.8671,0.0062,,,,,,,
9/4/2018,161.5684,0.0062,,,,,,,
9/3/2018,161.4909,0.0062,,,,,,,
8/31/2018,161.473,0.0062,,,,,,,
8/30/2018,161.3587,0.0062,,,,,,,
8/29/2018,161.2647,0.0062,,,,,,,
8/28/2018,161.0916,0.0062,,,,,,,
8/27/2018,160.8731,0.0062,,,,,,,
8/24/2018,160.8,0.0062,,,,,,,
8/23/2018,160.6166,0.0062,,,,,,,
8/21/2018,160.596,0.0062,,,,,,,
8/20/2018,160.466,0.0062,,,,,,,
8/17/2018,160.4394,0.0062,,,,,,,
8/16/2018,160.1768,0.0062,,,,,,,
8/15/2018,160.1096,0.0062,,,,,,,
8/14/2018,160.0946,0.0062,,,,,,,
8/13/2018,160.0429,0.0062,,,,,,,
8/10/2018,160.0374,0.0062,,,,,,,
8/9/2018,159.8744,0.0063,,,,,,,
8/8/2018,159.8027,0.0063,,,,,,,
8/7/2018,159.859,0.0063,,,,,,,
8/6/2018,159.8111,0.0063,,,,,,,
8/3/2018,159.6628,0.0063,,,,,,,
8/2/2018,159.5855,0.0063,,,,,,,
8/1/2018,159.7491,0.0063,,,,,,,
7/31/2018,159.7087,0.0063,,,,,,,
7/30/2018,159.612,0.0063,,,,,,,
7/26/2018,159.5434,0.0063,,,,,,,
7/25/2018,159.4795,0.0063,,,,,,,
7/24/2018,159.5204,0.0063,,,,,,,
7/23/2018,160.0312,0.0062,,,,,,,
7/20/2018,159.9869,0.0063,,,,,,,
7/19/2018,160.01,0.0062,,,,,,,
7/18/2018,159.8951,0.0063,,,,,,,
7/17/2018,159.82,0.0063,,,,,,,
7/16/2018,159.4635,0.0063,,,,,,,
7/13/2018,159.3721,0.0063,,,,,,,
7/12/2018,159.3652,0.0063,,,,,,,
7/11/2018,159.3281,0.0063,,,,,,,
7/10/2018,159.2333,0.0063,,,,,,,
7/9/2018,159.0784,0.0063,,,,,,,
7/6/2018,158.8105,0.0063,,,,,,,
7/5/2018,158.5859,0.0063,,,,,,,
7/4/2018,158.4355,0.0063,,,,,,,
7/3/2018,158.4435,0.0063,,,,,,,
7/2/2018,158.3634,0.0063,,,,,,,
6/29/2018,158.2569,0.0063,,,,,,,
6/28/2018,158.6676,0.0063,,,,,,,
6/26/2018,158.6426,0.0063,,,,,,,
6/25/2018,158.9913,0.0063,,,,,,,
6/22/2018,159.6106,0.0063,,,,,,,
6/21/2018,160.0279,0.0062,,,,,,,
6/20/2018,159.8939,0.0063,,,,,,,
6/19/2018,159.8239,0.0063,,,,,,,
6/18/2018,159.8809,0.0063,,,,,,,
6/14/2018,159.6003,0.0063,,,,,,,
6/13/2018,159.6587,0.0063,,,,,,,
6/12/2018,159.1135,0.0063,,,,,,,
6/11/2018,158.9143,0.0063,,,,,,,
6/8/2018,158.8323,0.0063,,,,,,,
6/7/2018,158.636,0.0063,,,,,,,
6/6/2018,158.5708,0.0063,,,,,,,
6/5/2018,158.5126,0.0063,,,,,,,
6/4/2018,158.5905,0.0063,,,,,,,
6/1/2018,158.1255,0.0063,,,,,,,
5/31/2018,158.09,0.0063,,,,,,,
5/30/2018,157.9986,0.0063,,,,,,,
5/28/2018,158.0433,0.0063,,,,,,,
5/25/2018,158.0561,0.0063,,,,,,,
5/24/2018,157.9682,0.0063,,,,,,,
5/23/2018,157.8943,0.0063,,,,,,,
5/22/2018,157.8376,0.0063,,,,,,,
5/21/2018,157.8118,0.0063,,,,,,,
5/18/2018,158.0664,0.0063,,,,,,,
5/17/2018,158.5077,0.0063,,,,,,,
5/16/2018,158.0362,0.0063,,,,,,,
5/15/2018,157.9215,0.0063,,,,,,,
5/14/2018,157.8822,0.0063,,,,,,,
5/11/2018,157.8791,0.0063,,,,,,,
5/10/2018,157.7914,0.0063,,,,,,,
5/9/2018,157.5276,0.0063,,,,,,,
5/8/2018,157.7261,0.0063,,,,,,,
5/4/2018,157.8326,0.0063,,,,,,,
5/3/2018,157.7781,0.0063,,,,,,,
5/2/2018,157.7642,0.0063,,,,,,,
5/1/2018,157.4737,0.0064,,,,,,,
4/27/2018,157.6459,0.0063,,,,,,,
4/26/2018,157.4628,0.0064,,,,,,,
4/25/2018,157.1356,0.0064,,,,,,,
4/24/2018,156.7727,0.0064,,,,,,,
4/23/2018,156.3441,0.0064,,,,,,,
4/20/2018,156.2545,0.0064,,,,,,,
4/19/2018,156.422,0.0064,,,,,,,
4/18/2018,156.3307,0.0064,,,,,,,
4/17/2018,155.9267,0.0064,,,,,,,
4/16/2018,155.7456,0.0064,,,,,,,
4/12/2018,155.7097,0.0064,,,,,,,
4/11/2018,155.5679,0.0064,,,,,,,
4/10/2018,155.5146,0.0064,,,,,,,
4/9/2018,155.5327,0.0064,,,,,,,
4/6/2018,155.5234,0.0064,,,,,,,
4/5/2018,156.0464,0.0064,,,,,,,
4/4/2018,155.4869,0.0064,,,,,,,
4/3/2018,155.3218,0.0064,,,,,,,
4/2/2018,155.8286,0.0064,,,,,,,
3/29/2018,155.9725,0.0064,,,,,,,
3/28/2018,156.0632,0.0064,,,,,,,
3/27/2018,156.1261,0.0064,,,,,,,
3/26/2018,156.1428,0.0064,,,,,,,
3/23/2018,156.0539,0.0064,,,,,,,
3/22/2018,155.9482,0.0064,,,,,,,
3/21/2018,156.1578,0.0064,,,,,,,
3/20/2018,156.1535,0.0064,,,,,,,
3/19/2018,156.0808,0.0064,,,,,,,
3/16/2018,155.9768,0.0064,,,,,,,
3/15/2018,155.8155,0.0064,,,,,,,
3/14/2018,155.7566,0.0064,,,,,,,
3/13/2018,155.6067,0.0064,,,,,,,
3/12/2018,155.478,0.0064,,,,,,,
3/9/2018,155.5392,0.0064,,,,,,,
3/8/2018,155.2665,0.0064,,,,,,,
3/7/2018,155.0849,0.0064,,,,,,,
3/6/2018,155.1488,0.0064,,,,,,,
3/5/2018,155.2269,0.0064,,,,,,,
3/2/2018,154.978,0.0065,,,,,,,
2/28/2018,154.8718,0.0065,,,,,,,
2/27/2018,155.0075,0.0065,,,,,,,
2/26/2018,155.2474,0.0064,,,,,,,
2/23/2018,155.2255,0.0064,,,,,,,
2/22/2018,155.3944,0.0064,,,,,,,
2/21/2018,155.3787,0.0064,,,,,,,
2/20/2018,155.2901,0.0064,,,,,,,
2/19/2018,155.0773,0.0064,,,,,,,
2/16/2018,155.3239,0.0064,,,,,,,
2/15/2018,155.5955,0.0064,,,,,,,
2/14/2018,154.7384,0.0065,,,,,,,
2/12/2018,154.3075,0.0065,,,,,,,
2/9/2018,154.4876,0.0065,,,,,,,
2/8/2018,154.5862,0.0065,,,,,,,
2/7/2018,154.5527,0.0065,,,,,,,
2/6/2018,154.2579,0.0065,,,,,,,
2/2/2018,154.1543,0.0065,,,,,,,
2/1/2018,153.9449,0.0065,,,,,,,
1/30/2018,153.7682,0.0065,,,,,,,
1/29/2018,153.7329,0.0065,,,,,,,
1/26/2018,153.7388,0.0065,,,,,,,
1/25/2018,153.9389,0.0065,,,,,,,
1/24/2018,154.0688,0.0065,,,,,,,
1/23/2018,154.0135,0.0065,,,,,,,
1/22/2018,153.9447,0.0065,,,,,,,
1/19/2018,153.8803,0.0065,,,,,,,
1/18/2018,153.8569,0.0065,,,,,,,
1/17/2018,153.9215,0.0065,,,,,,,
1/16/2018,153.91,0.0065,,,,,,,
1/12/2018,153.781,0.0065,,,,,,,
1/11/2018,153.7661,0.0065,,,,,,,
1/10/2018,153.8203,0.0065,,,,,,,
1/9/2018,153.8052,0.0065,,,,,,,
1/8/2018,153.5567,0.0065,,,,,,,
1/5/2018,153.6506,0.0065,,,,,,,
1/4/2018,153.7699,0.0065,,,,,,,
1/3/2018,153.6377,0.0065,,,,,,,
1/2/2018,153.4697,0.0065,,,,,,,
12/29/2017,152.8548,0.0065,,,,,,,
12/28/2017,152.6243,0.0066,,,,,,,
12/27/2017,152.7775,0.0065,,,,,,,
12/26/2017,152.942,0.0065,,,,,,,
12/22/2017,152.9524,0.0065,,,,,,,
12/21/2017,153.0594,0.0065,,,,,,,
12/20/2017,153.1487,0.0065,,,,,,,
12/19/2017,153.1593,0.0065,,,,,,,
12/18/2017,153.2297,0.0065,,,,,,,
12/15/2017,153.3441,0.0065,,,,,,,
12/14/2017,153.1463,0.0065,,,,,,,
12/13/2017,153.0136,0.0065,,,,,,,
12/12/2017,153.0573,0.0065,,,,,,,
12/11/2017,153.17,0.0065,,,,,,,
12/8/2017,153.3593,0.0065,,,,,,,
12/7/2017,153.3314,0.0065,,,,,,,
12/6/2017,153.3869,0.0065,,,,,,,
12/5/2017,153.6153,0.0065,,,,,,,
12/4/2017,153.6882,0.0065,,,,,,,
11/30/2017,153.7652,0.0065,,,,,,,
11/29/2017,153.7396,0.0065,,,,,,,
11/28/2017,153.6152,0.0065,,,,,,,
11/27/2017,153.7513,0.0065,,,,,,,
11/24/2017,153.6767,0.0065,,,,,,,
11/23/2017,153.776,0.0065,,,,,,,
11/22/2017,153.8167,0.0065,,,,,,,
11/21/2017,153.7552,0.0065,,,,,,,
11/20/2017,153.6468,0.0065,,,,,,,
11/17/2017,153.792,0.0065,,,,,,,
11/16/2017,153.7806,0.0065,,,,,,,
11/15/2017,153.6061,0.0065,,,,,,,
11/14/2017,153.6184,0.0065,,,,,,,
11/13/2017,153.6339,0.0065,,,,,,,
11/10/2017,153.5123,0.0065,,,,,,,
11/9/2017,153.3588,0.0065,,,,,,,
11/8/2017,153.4353,0.0065,,,,,,,
11/7/2017,153.6279,0.0065,,,,,,,
11/6/2017,153.6598,0.0065,,,,,,,
11/2/2017,153.698,0.0065,,,,,,,
11/1/2017,153.5915,0.0065,,,,,,,
10/31/2017,153.5903,0.0065,,,,,,,
10/30/2017,153.5628,0.0065,,,,,,,
10/27/2017,153.8,0.0065,,,,,,,
10/26/2017,153.8586,0.0065,,,,,,,
10/25/2017,153.7845,0.0065,,,,,,,
10/24/2017,153.7473,0.0065,,,,,,,
10/23/2017,153.6467,0.0065,,,,,,,
10/20/2017,153.6976,0.0065,,,,,,,
10/19/2017,153.619,0.0065,,,,,,,
10/17/2017,153.6527,0.0065,,,,,,,
10/16/2017,153.7464,0.0065,,,,,,,
10/13/2017,153.6258,0.0065,,,,,,,
10/12/2017,153.465,0.0065,,,,,,,
10/11/2017,153.3903,0.0065,,,,,,,
10/10/2017,153.2885,0.0065,,,,,,,
10/9/2017,153.2603,0.0065,,,,,,,
10/6/2017,153.3286,0.0065,,,,,,,
10/4/2017,153.2121,0.0065,,,,,,,
10/3/2017,153.1394,0.0065,,,,,,,
10/2/2017,153.1072,0.0065,,,,,,,
9/29/2017,153.0983,0.0065,,,,,,,
9/28/2017,153.1024,0.0065,,,,,,,
9/27/2017,153.0245,0.0065,,,,,,,
9/26/2017,152.9434,0.0065,,,,,,,
9/25/2017,152.8067,0.0065,,,,,,,
9/22/2017,152.8252,0.0065,,,,,,,
9/21/2017,153.0503,0.0065,,,,,,,
9/20/2017,153.1959,0.0065,,,,,,,
9/19/2017,152.9692,0.0065,,,,,,,
9/18/2017,152.9684,0.0065,,,,,,,
9/15/2017,153.1269,0.0065,,,,,,,
9/14/2017,152.9124,0.0065,,,,,,,
9/13/2017,152.8371,0.0065,,,,,,,
9/12/2017,152.849,0.0065,,,,,,,
9/11/2017,152.8017,0.0065,,,,,,,
9/8/2017,152.7098,0.0065,,,,,,,
9/7/2017,152.5607,0.0066,,,,,,,
9/6/2017,152.5028,0.0066,,,,,,,
9/4/2017,152.7656,0.0065,,,,,,,
8/31/2017,152.835,0.0065,,,,,,,
8/30/2017,152.7582,0.0065,,,,,,,
8/29/2017,152.9208,0.0065,,,,,,,
8/28/2017,152.9633,0.0065,,,,,,,
8/25/2017,152.944,0.0065,,,,,,,
8/24/2017,152.9127,0.0065,,,,,,,
8/23/2017,153.15,0.0065,,,,,,,
8/22/2017,153.3,0.0065,,,,,,,
8/21/2017,153.3472,0.0065,,,,,,,
8/18/2017,153.315,0.0065,,,,,,,
8/17/2017,153.2016,0.0065,,,,,,,
8/16/2017,153.208,0.0065,,,,,,,
8/15/2017,153.12,0.0065,,,,,,,
8/14/2017,153.0729,0.0065,,,,,,,
8/11/2017,153.1871,0.0065,,,,,,,
8/10/2017,153.2262,0.0065,,,,,,,
8/9/2017,153.326,0.0065,,,,,,,
8/8/2017,153.3579,0.0065,,,,,,,
8/4/2017,153.4948,0.0065,,,,,,,
8/3/2017,153.4864,0.0065,,,,,,,
8/2/2017,153.5068,0.0065,,,,,,,
8/1/2017,153.6111,0.0065,,,,,,,
7/31/2017,153.7278,0.0065,,,,,,,
7/28/2017,153.7357,0.0065,,,,,,,
7/27/2017,153.5738,0.0065,,,,,,,
7/26/2017,153.5212,0.0065,,,,,,,
7/25/2017,153.581,0.0065,,,,,,,
7/24/2017,153.7052,0.0065,,,,,,,
7/21/2017,153.6808,0.0065,,,,,,,
7/20/2017,153.751,0.0065,,,,,,,
7/19/2017,153.7072,0.0065,,,,,,,
7/18/2017,153.7026,0.0065,,,,,,,
7/17/2017,153.7303,0.0065,,,,,,,
7/14/2017,153.7125,0.0065,,,,,,,
7/13/2017,153.7047,0.0065,,,,,,,
7/12/2017,153.6652,0.0065,,,,,,,
7/11/2017,153.7217,0.0065,,,,,,,
7/10/2017,153.6625,0.0065,,,,,,,
7/7/2017,153.7096,0.0065,,,,,,,
7/6/2017,153.7243,0.0065,,,,,,,
7/5/2017,153.6163,0.0065,,,,,,,
7/4/2017,153.5427,0.0065,,,,,,,
7/3/2017,153.51,0.0065,,,,,,,
6/30/2017,153.51,0.0065,,,,,,,
6/29/2017,153.313,0.0065,,,,,,,
6/28/2017,153.2668,0.0065,,,,,,,
6/27/2017,153.2334,0.0065,,,,,,,
6/23/2017,153.3453,0.0065,,,,,,,
6/22/2017,153.3313,0.0065,,,,,,,
6/21/2017,153.2658,0.0065,,,,,,,
6/20/2017,153.0236,0.0065,,,,,,,
6/19/2017,152.85,0.0065,,,,,,,
6/16/2017,152.5,0.0066,,,,,,,
6/15/2017,152.5,0.0066,,,,,,,
6/14/2017,152.5,0.0066,,,,,,,
6/13/2017,152.5,0.0066,,,,,,,
6/12/2017,152.5,0.0066,,,,,,,
6/9/2017,152.5,0.0066,,,,,,,
6/7/2017,152.4786,0.0066,,,,,,,
6/6/2017,152.4966,0.0066,,,,,,,
6/5/2017,152.5,0.0066,,,,,,,
6/2/2017,152.5,0.0066,,,,,,,
6/1/2017,152.5,0.0066,,,,,,,
5/31/2017,152.5,0.0066,,,,,,,
5/30/2017,152.5,0.0066,,,,,,,
5/29/2017,152.5,0.0066,,,,,,,
5/26/2017,152.5,0.0066,,,,,,,
5/25/2017,152.5,0.0066,,,,,,,
5/24/2017,152.5,0.0066,,,,,,,
5/23/2017,152.5,0.0066,,,,,,,
5/22/2017,152.5,0.0066,,,,,,,
5/19/2017,152.5,0.0066,,,,,,,
5/18/2017,152.3295,0.0066,,,,,,,
5/17/2017,152.3667,0.0066,,,,,,,
5/16/2017,152.3,0.0066,,,,,,,
5/15/2017,152.3769,0.0066,,,,,,,
5/12/2017,152.3,0.0066,,,,,,,
5/9/2017,152.3154,0.0066,,,,,,,
5/8/2017,152.3154,0.0066,,,,,,,
5/5/2017,152.0455,0.0066,,,,,,,
5/4/2017,152.0391,0.0066,,,,,,,
5/3/2017,151.9,0.0066,,,,,,,
5/2/2017,151.9,0.0066,,,,,,,
4/28/2017,151.9,0.0066,,,,,,,
4/27/2017,151.9,0.0066,,,,,,,
4/26/2017,151.9,0.0066,,,,,,,
4/25/2017,151.8985,0.0066,,,,,,,
4/24/2017,151.9,0.0066,,,,,,,
4/21/2017,151.9,0.0066,,,,,,,
4/20/2017,151.9,0.0066,,,,,,,
4/19/2017,151.9,0.0066,,,,,,,
4/18/2017,151.9,0.0066,,,,,,,
4/17/2017,151.6,0.0066,,,,,,,
4/12/2017,151.6133,0.0066,,,,,,,
4/11/2017,151.6,0.0066,,,,,,,
4/7/2017,151.6,0.0066,,,,,,,
4/6/2017,151.6,0.0066,,,,,,,
4/5/2017,151.6,0.0066,,,,,,,
4/4/2017,151.6,0.0066,,,,,,,
4/3/2017,151.6,0.0066,,,,,,,
3/31/2017,151.7354,0.0066,,,,,,,
3/30/2017,151.7,0.0066,,,,,,,
3/29/2017,151.6943,0.0066,,,,,,,
3/28/2017,151.6943,0.0066,,,,,,,
3/27/2017,151.6,0.0066,,,,,,,
3/24/2017,151.6,0.0066,,,,,,,
3/23/2017,151.6,0.0066,,,,,,,
3/22/2017,151.6083,0.0066,,,,,,,
3/21/2017,151.3939,0.0066,,,,,,,
3/20/2017,151.3138,0.0066,,,,,,,
3/17/2017,151.308,0.0066,,,,,,,
3/16/2017,151.3469,0.0066,,,,,,,
3/15/2017,151.35,0.0066,,,,,,,
3/14/2017,151.3494,0.0066,,,,,,,
3/13/2017,151.35,0.0066,,,,,,,
3/10/2017,151.35,0.0066,,,,,,,
3/9/2017,151.35,0.0066,,,,,,,
3/8/2017,151.2534,0.0066,,,,,,,
3/7/2017,151.2371,0.0066,,,,,,,
3/6/2017,151.25,0.0066,,,,,,,
3/3/2017,151.25,0.0066,,,,,,,
3/2/2017,151.2476,0.0066,,,,,,,
3/1/2017,151.25,0.0066,,,,,,,
2/28/2017,151.25,0.0066,,,,,,,
2/27/2017,151.25,0.0066,,,,,,,
2/23/2017,151.235,0.0066,,,,,,,
2/22/2017,151.2426,0.0066,,,,,,,
2/21/2017,151.1245,0.0066,,,,,,,
2/20/2017,150.8214,0.0066,,,,,,,
2/17/2017,150.7482,0.0066,,,,,,,
2/16/2017,150.7416,0.0066,,,,,,,
2/15/2017,150.7456,0.0066,,,,,,,
2/14/2017,150.7306,0.0066,,,,,,,
2/13/2017,150.7474,0.0066,,,,,,,
2/9/2017,150.75,0.0066,,,,,,,
2/8/2017,150.75,0.0066,,,,,,,
2/7/2017,150.75,0.0066,,,,,,,
2/6/2017,150.5,0.0066,,,,,,,
2/3/2017,150.5,0.0066,,,,,,,
2/2/2017,150.5,0.0066,,,,,,,
2/1/2017,150.3246,0.0067,,,,,,,
1/31/2017,150.2429,0.0067,,,,,,,
1/30/2017,150.25,0.0067,,,,,,,
1/27/2017,150.25,0.0067,,,,,,,
1/26/2017,150.2494,0.0067,,,,,,,
1/25/2017,150.15,0.0067,,,,,,,
1/24/2017,150.1478,0.0067,,,,,,,
1/23/2017,150.15,0.0067,,,,,,,
1/20/2017,150.1424,0.0067,,,,,,,
1/19/2017,150.15,0.0067,,,,,,,
1/18/2017,150.1363,0.0067,,,,,,,
1/17/2017,150.1222,0.0067,,,,,,,
1/16/2017,150.0402,0.0067,,,,,,,
1/13/2017,150,0.0067,,,,,,,
1/11/2017,149.9828,0.0067,,,,,,,
1/10/2017,150,0.0067,,,,,,,
1/9/2017,149.9983,0.0067,,,,,,,
1/6/2017,150,0.0067,,,,,,,
1/5/2017,149.9992,0.0067,,,,,,,
1/4/2017,150,0.0067,,,,,,,
1/3/2017,150,0.0067,,,,,,,
1/2/2017,149.9747,0.0067,,,,,,,
12/30/2016,149.8,0.0067,,,,,,,
12/29/2016,149.7975,0.0067,,,,,,,
12/28/2016,149.5,0.0067,,,,,,,
12/27/2016,149.4231,0.0067,,,,,,,
12/23/2016,149.295,0.0067,,,,,,,
12/22/2016,149.295,0.0067,,,,,,,
12/21/2016,149.0425,0.0067,,,,,,,
12/20/2016,149.08,0.0067,,,,,,,
12/19/2016,149.0933,0.0067,,,,,,,
12/16/2016,149.095,0.0067,,,,,,,
12/15/2016,148.6874,0.0067,,,,,,,
12/14/2016,148.6874,0.0067,,,,,,,
12/9/2016,148.6929,0.0067,,,,,,,
12/8/2016,148.6548,0.0067,,,,,,,
12/7/2016,148.3,0.0067,,,,,,,
12/6/2016,148.3,0.0067,,,,,,,
12/5/2016,148.1,0.0068,,,,,,,
12/2/2016,147.964,0.0068,,,,,,,
12/1/2016,147.95,0.0068,,,,,,,
11/30/2016,147.95,0.0068,,,,,,,
11/29/2016,147.95,0.0068,,,,,,,
11/28/2016,147.95,0.0068,,,,,,,
11/25/2016,147.9481,0.0068,,,,,,,
11/24/2016,147.9481,0.0068,,,,,,,
11/23/2016,147.95,0.0068,,,,,,,
11/22/2016,147.95,0.0068,,,,,,,
11/21/2016,147.95,0.0068,,,,,,,
11/18/2016,147.747,0.0068,,,,,,,
11/17/2016,147.746,0.0068,,,,,,,
11/16/2016,147.7475,0.0068,,,,,,,
11/15/2016,147.75,0.0068,,,,,,,
11/11/2016,147.75,0.0068,,,,,,,
11/10/2016,147.7471,0.0068,,,,,,,
11/9/2016,147.7471,0.0068,,,,,,,
11/8/2016,147.7085,0.0068,,,,,,,
11/7/2016,147.7283,0.0068,,,,,,,
11/4/2016,147.73,0.0068,,,,,,,
11/3/2016,147.4,0.0068,,,,,,,
11/2/2016,147.3963,0.0068,,,,,,,
11/1/2016,147.3963,0.0068,,,,,,,
10/31/2016,147.1136,0.0068,,,,,,,
10/28/2016,146.9667,0.0068,,,,,,,
10/27/2016,146.9,0.0068,,,,,,,
10/26/2016,146.9,0.0068,,,,,,,
10/25/2016,146.9,0.0068,,,,,,,
10/24/2016,146.9,0.0068,,,,,,,
10/21/2016,146.9,0.0068,,,,,,,
10/20/2016,146.9,0.0068,,,,,,,
10/19/2016,146.9,0.0068,,,,,,,
10/18/2016,146.8778,0.0068,,,,,,,
10/17/2016,146.8976,0.0068,,,,,,,
10/14/2016,146.9,0.0068,,,,,,,
10/13/2016,146.9,0.0068,,,,,,,
10/12/2016,146.9,0.0068,,,,,,,
10/11/2016,146.85,0.0068,,,,,,,
10/10/2016,146.8469,0.0068,,,,,,,
10/7/2016,146.7414,0.0068,,,,,,,
10/6/2016,146.753,0.0068,,,,,,,
10/5/2016,146.6698,0.0068,,,,,,,
10/4/2016,146.7257,0.0068,,,,,,,
10/3/2016,146.8753,0.0068,,,,,,,
9/30/2016,146.7229,0.0068,,,,,,,
9/29/2016,146.4824,0.0068,,,,,,,
9/28/2016,146.3385,0.0068,,,,,,,
9/27/2016,146.3273,0.0068,,,,,,,
9/26/2016,146.2704,0.0068,,,,,,,
9/23/2016,145.9,0.0069,,,,,,,
9/22/2016,146.022,0.0068,,,,,,,
9/21/2016,145.7706,0.0069,,,,,,,
9/20/2016,145.75,0.0069,,,,,,,
9/19/2016,145.8126,0.0069,,,,,,,
9/15/2016,145.5983,0.0069,,,,,,,
9/14/2016,145.2978,0.0069,,,,,,,
9/13/2016,145.1558,0.0069,,,,,,,
9/9/2016,145.4214,0.0069,,,,,,,
9/8/2016,145.4333,0.0069,,,,,,,
9/7/2016,145.4175,0.0069,,,,,,,
9/6/2016,145.4175,0.0069,,,,,,,
9/5/2016,145.4911,0.0069,,,,,,,
9/2/2016,145.5118,0.0069,,,,,,,
9/1/2016,145.5564,0.0069,,,,,,,
8/31/2016,145.62,0.0069,,,,,,,
8/30/2016,145.6286,0.0069,,,,,,,
8/29/2016,145.6,0.0069,,,,,,,
8/26/2016,145.8525,0.0069,,,,,,,
8/25/2016,145.5111,0.0069,,,,,,,
8/24/2016,145.5,0.0069,,,,,,,
8/23/2016,145.5,0.0069,,,,,,,
8/22/2016,145.5,0.0069,,,,,,,
8/19/2016,145.5,0.0069,,,,,,,
8/18/2016,145.5,0.0069,,,,,,,
8/16/2016,145.5,0.0069,,,,,,,
8/15/2016,145.5,0.0069,,,,,,,
8/12/2016,145.5,0.0069,,,,,,,
8/11/2016,145.6,0.0069,,,,,,,
8/10/2016,145.6,0.0069,,,,,,,
8/9/2016,145.6,0.0069,,,,,,,
8/8/2016,145.6,0.0069,,,,,,,
8/5/2016,145.6167,0.0069,,,,,,,
8/4/2016,145.7471,0.0069,,,,,,,
8/3/2016,145.745,0.0069,,,,,,,
8/2/2016,145.75,0.0069,,,,,,,
8/1/2016,145.75,0.0069,,,,,,,
7/29/2016,145.7466,0.0069,,,,,,,
7/28/2016,145.7466,0.0069,,,,,,,
7/27/2016,145.75,0.0069,,,,,,,
7/26/2016,145.75,0.0069,,,,,,,
7/25/2016,145.75,0.0069,,,,,,,
7/22/2016,145.75,0.0069,,,,,,,
7/21/2016,145.25,0.0069,,,,,,,
7/20/2016,145.25,0.0069,,,,,,,
7/18/2016,145.25,0.0069,,,,,,,
7/15/2016,145.25,0.0069,,,,,,,
7/14/2016,145.25,0.0069,,,,,,,
7/13/2016,145.2477,0.0069,,,,,,,
7/12/2016,145.25,0.0069,,,,,,,
7/11/2016,145.25,0.0069,,,,,,,
7/8/2016,145.25,0.0069,,,,,,,
7/7/2016,145.246,0.0069,,,,,,,
7/5/2016,145.246,0.0069,,,,,,,
7/4/2016,145.25,0.0069,,,,,,,
7/1/2016,145.25,0.0069,,,,,,,
6/30/2016,145.25,0.0069,,,,,,,
6/29/2016,145.25,0.0069,,,,,,,
6/28/2016,145.25,0.0069,,,,,,,
6/27/2016,145.25,0.0069,,,,,,,
6/24/2016,145.25,0.0069,,,,,,,
6/23/2016,145.25,0.0069,,,,,,,
6/22/2016,145.1935,0.0069,,,,,,,
6/21/2016,144.5385,0.0069,,,,,,,
6/20/2016,144.5,0.0069,,,,,,,
6/17/2016,144.5893,0.0069,,,,,,,
6/16/2016,144.75,0.0069,,,,,,,
6/15/2016,144.725,0.0069,,,,,,,
6/14/2016,144.7474,0.0069,,,,,,,
6/13/2016,145.0131,0.0069,,,,,,,
6/10/2016,145.548,0.0069,,,,,,,
6/9/2016,145.7458,0.0069,,,,,,,
6/8/2016,145.75,0.0069,,,,,,,
6/7/2016,145.9,0.0069,,,,,,,
6/6/2016,145.925,0.0069,,,,,,,
6/3/2016,145.95,0.0069,,,,,,,
6/2/2016,145.908,0.0069,,,,,,,
6/1/2016,145.955,0.0069,,,,,,,
5/31/2016,145.75,0.0069,,,,,,,
5/30/2016,145.75,0.0069,,,,,,,
5/27/2016,145.75,0.0069,,,,,,,
5/26/2016,145.75,0.0069,,,,,,,
5/25/2016,145.75,0.0069,,,,,,,
5/24/2016,145.75,0.0069,,,,,,,
5/20/2016,145.75,0.0069,,,,,,,
5/19/2016,145.75,0.0069,,,,,,,
5/18/2016,145.725,0.0069,,,,,,,
5/17/2016,145.74,0.0069,,,,,,,
5/16/2016,145.74,0.0069,,,,,,,
5/13/2016,145.75,0.0069,,,,,,,
5/12/2016,145.75,0.0069,,,,,,,
5/11/2016,145.7327,0.0069,,,,,,,
5/10/2016,145.715,0.0069,,,,,,,
5/9/2016,145.7617,0.0069,,,,,,,
5/6/2016,145.73,0.0069,,,,,,,
5/5/2016,145.73,0.0069,,,,,,,
5/4/2016,145.73,0.0069,,,,,,,
5/3/2016,143.9,0.0069,,,,,,,
4/29/2016,143.9,0.0069,,,,,,,
4/28/2016,143.9,0.0069,,,,,,,
4/27/2016,143.9,0.0069,,,,,,,
4/26/2016,143.9,0.0069,,,,,,,
4/25/2016,143.9024,0.0069,,,,,,,
4/22/2016,143.9,0.0069,,,,,,,
4/20/2016,143.9,0.0069,,,,,,,
4/19/2016,143.9,0.0069,,,,,,,
4/18/2016,143.9,0.0069,,,,,,,
4/15/2016,143.9,0.0069,,,,,,,
4/12/2016,143.9,0.0069,,,,,,,
4/11/2016,143.9,0.0069,,,,,,,
4/8/2016,143.9,0.0069,,,,,,,
4/7/2016,143.9,0.0069,,,,,,,
4/6/2016,143.9,0.0069,,,,,,,
4/5/2016,143.9,0.0069,,,,,,,
4/4/2016,143.9,0.0069,,,,,,,
4/1/2016,143.9,0.0069,,,,,,,
3/31/2016,143.9,0.0069,,,,,,,
3/30/2016,143.89,0.0069,,,,,,,
3/29/2016,143.9,0.0069,,,,,,,
3/28/2016,143.895,0.0069,,,,,,,
3/24/2016,143.9035,0.0069,,,,,,,
3/23/2016,143.93,0.0069,,,,,,,
3/21/2016,143.9,0.0069,,,,,,,
3/18/2016,143.9,0.0069,,,,,,,
3/17/2016,143.9,0.0069,,,,,,,
3/16/2016,143.898,0.0069,,,,,,,
3/15/2016,143.9,0.0069,,,,,,,
3/14/2016,143.9,0.0069,,,,,,,
3/11/2016,144.3571,0.0069,,,,,,,
3/10/2016,144.0067,0.0069,,,,,,,
3/9/2016,143.9089,0.0069,,,,,,,
3/8/2016,143.9,0.0069,,,,,,,
3/4/2016,144.1154,0.0069,,,,,,,
3/3/2016,144.2556,0.0069,,,,,,,
3/2/2016,143.9108,0.0069,,,,,,,
3/1/2016,143.9165,0.0069,,,,,,,
2/29/2016,144.354,0.0069,,,,,,,
2/26/2016,143.9,0.0069,,,,,,,
2/25/2016,143.883,0.007,,,,,,,
2/24/2016,143.8943,0.0069,,,,,,,
2/23/2016,143.9192,0.0069,,,,,,,
2/19/2016,143.93,0.0069,,,,,,,
2/18/2016,143.9,0.0069,,,,,,,
2/17/2016,143.9004,0.0069,,,,,,,
2/16/2016,143.9207,0.0069,,,,,,,
2/15/2016,143.8989,0.0069,,,,,,,
2/12/2016,143.897,0.0069,,,,,,,
2/11/2016,143.9,0.0069,,,,,,,
2/10/2016,143.9,0.0069,,,,,,,
2/9/2016,143.9091,0.0069,,,,,,,
2/8/2016,143.9046,0.0069,,,,,,,
2/5/2016,143.9296,0.0069,,,,,,,
2/3/2016,143.9,0.0069,,,,,,,
2/2/2016,143.9071,0.0069,,,,,,,
2/1/2016,143.9,0.0069,,,,,,,
1/29/2016,143.9208,0.0069,,,,,,,
1/28/2016,143.8972,0.0069,,,,,,,
1/27/2016,143.89,0.0069,,,,,,,
1/26/2016,143.9089,0.0069,,,,,,,
1/25/2016,143.9,0.0069,,,,,,,
1/22/2016,143.9,0.0069,,,,,,,
1/21/2016,143.8858,0.0069,,,,,,,
1/20/2016,143.9169,0.0069,,,,,,,
1/19/2016,143.9308,0.0069,,,,,,,
1/18/2016,143.8161,0.007,,,,,,,
1/14/2016,143.8047,0.007,,,,,,,
1/13/2016,143.745,0.007,,,,,,,
1/12/2016,143.7993,0.007,,,,,,,
1/11/2016,143.8175,0.007,,,,,,,
1/8/2016,143.9415,0.0069,,,,,,,
1/7/2016,144.0106,0.0069,,,,,,,
1/6/2016,144.2318,0.0069,,,,,,,
1/5/2016,144.1833,0.0069,,,,,,,
1/4/2016,144.2333,0.0069,,,,,,,
1/1/2016,144.0716,0.0069,,,,,,,
12/31/2015,144.0623,0.0069,,,,,,,
12/30/2015,143.8484,0.007,,,,,,,
12/29/2015,143.6861,0.007,,,,,,,
12/28/2015,143.6286,0.007,,,,,,,
12/23/2015,143.5859,0.007,,,,,,,
12/22/2015,143.5415,0.007,,,,,,,
12/21/2015,143.5406,0.007,,,,,,,
12/18/2015,143.5606,0.007,,,,,,,
12/17/2015,143.5647,0.007,,,,,,,
12/16/2015,143.4583,0.007,,,,,,,
12/15/2015,143.4938,0.007,,,,,,,
12/14/2015,143.276,0.007,,,,,,,
12/11/2015,143.2196,0.007,,,,,,,
12/10/2015,143.178,0.007,,,,,,,
12/9/2015,143.2214,0.007,,,,,,,
12/8/2015,143.2426,0.007,,,,,,,
12/7/2015,143.2529,0.007,,,,,,,
12/4/2015,143.2498,0.007,,,,,,,
12/3/2015,143.2318,0.007,,,,,,,
12/2/2015,143.2327,0.007,,,,,,,
12/1/2015,143.239,0.007,,,,,,,
11/30/2015,143.2074,0.007,,,,,,,
11/27/2015,143.0667,0.007,,,,,,,
11/26/2015,142.8892,0.007,,,,,,,
11/24/2015,142.6267,0.007,,,,,,,
11/23/2015,142.4662,0.007,,,,,,,
11/20/2015,142.3063,0.007,,,,,,,
11/19/2015,142.2797,0.007,,,,,,,
11/18/2015,142.2944,0.007,,,,,,,
11/17/2015,142.1384,0.007,,,,,,,
11/16/2015,142.0599,0.007,,,,,,,
11/13/2015,141.9633,0.007,,,,,,,
11/12/2015,141.929,0.007,,,,,,,
11/11/2015,141.901,0.007,,,,,,,
11/9/2015,141.5214,0.0071,,,,,,,
11/6/2015,141.562,0.0071,,,,,,,
11/5/2015,141.2663,0.0071,,,,,,,
11/4/2015,141.0487,0.0071,,,,,,,
11/3/2015,140.9771,0.0071,,,,,,,
11/2/2015,140.9668,0.0071,,,,,,,
10/30/2015,140.8543,0.0071,,,,,,,
10/29/2015,140.8772,0.0071,,,,,,,
10/28/2015,141.1087,0.0071,,,,,,,
10/26/2015,141.0489,0.0071,,,,,,,
10/23/2015,141.0638,0.0071,,,,,,,
10/22/2015,141.0126,0.0071,,,,,,,
10/21/2015,140.9901,0.0071,,,,,,,
10/20/2015,140.9672,0.0071,,,,,,,
10/19/2015,140.9554,0.0071,,,,,,,
10/16/2015,140.9312,0.0071,,,,,,,
10/15/2015,140.6841,0.0071,,,,,,,
10/14/2015,140.4809,0.0071,,,,,,,
10/13/2015,140.3209,0.0071,,,,,,,
10/12/2015,140.338,0.0071,,,,,,,
10/9/2015,140.5457,0.0071,,,,,,,
10/8/2015,140.5995,0.0071,,,,,,,
10/7/2015,141.0307,0.0071,,,,,,,
10/6/2015,141.2243,0.0071,,,,,,,
10/5/2015,141.2601,0.0071,,,,,,,
10/2/2015,141.2575,0.0071,,,,,,,
10/1/2015,141.2334,0.0071,,,,,,,
9/30/2015,141.2335,0.0071,,,,,,,
9/29/2015,141.2438,0.0071,,,,,,,
9/28/2015,140.9568,0.0071,,,,,,,
9/25/2015,140.9578,0.0071,,,,,,,
9/23/2015,140.951,0.0071,,,,,,,
9/22/2015,140.8342,0.0071,,,,,,,
9/21/2015,140.5167,0.0071,,,,,,,
9/18/2015,140.7891,0.0071,,,,,,,
9/17/2015,140.6358,0.0071,,,,,,,
9/16/2015,139.9898,0.0071,,,,,,,
9/15/2015,139.7679,0.0072,,,,,,,
9/14/2015,139.0345,0.0072,,,,,,,
9/11/2015,138.936,0.0072,,,,,,,
9/10/2015,138.7796,0.0072,,,,,,,
9/9/2015,138.1655,0.0072,,,,,,,
9/8/2015,137.4985,0.0073,,,,,,,
9/7/2015,137.875,0.0073,,,,,,,
9/4/2015,134.75,0.0074,,,,,,,
9/3/2015,134.5,0.0074,,,,,,,
9/2/2015,134.5,0.0074,,,,,,,
9/1/2015,134.5,0.0074,,,,,,,
8/31/2015,134.3,0.0074,,,,,,,
8/28/2015,134.15,0.0075,,,,,,,
8/27/2015,134.15,0.0075,,,,,,,
8/26/2015,134.2496,0.0074,,,,,,,
8/25/2015,134.1,0.0075,,,,,,,
8/24/2015,134,0.0075,,,,,,,
8/21/2015,133.9,0.0075,,,,,,,
8/20/2015,133.8967,0.0075,,,,,,,
8/19/2015,134,0.0075,,,,,,,
8/18/2015,134,0.0075,,,,,,,
8/17/2015,133.9,0.0075,,,,,,,
8/14/2015,133.9,0.0075,,,,,,,
8/13/2015,133.8,0.0075,,,,,,,
8/12/2015,133.75,0.0075,,,,,,,
8/11/2015,133.75,0.0075,,,,,,,
8/10/2015,133.75,0.0075,,,,,,,
8/7/2015,133.75,0.0075,,,,,,,
8/6/2015,133.4927,0.0075,,,,,,,
8/5/2015,133.4993,0.0075,,,,,,,
8/4/2015,133.5,0.0075,,,,,,,
8/3/2015,133.6,0.0075,,,,,,,
7/30/2015,133.6,0.0075,,,,,,,
7/29/2015,133.6,0.0075,,,,,,,
7/28/2015,133.7,0.0075,,,,,,,
7/27/2015,133.6976,0.0075,,,,,,,
7/24/2015,133.6971,0.0075,,,,,,,
7/23/2015,133.6988,0.0075,,,,,,,
7/22/2015,133.7,0.0075,,,,,,,
7/21/2015,133.8,0.0075,,,,,,,
7/20/2015,133.7994,0.0075,,,,,,,
7/17/2015,133.8,0.0075,,,,,,,
7/16/2015,133.7992,0.0075,,,,,,,
7/15/2015,133.8,0.0075,,,,,,,
7/14/2015,133.8,0.0075,,,,,,,
7/13/2015,133.6,0.0075,,,,,,,
7/10/2015,133.6,0.0075,,,,,,,
7/9/2015,133.6,0.0075,,,,,,,
7/8/2015,133.6,0.0075,,,,,,,
7/7/2015,133.6,0.0075,,,,,,,
7/6/2015,133.6,0.0075,,,,,,,
7/3/2015,133.6,0.0075,,,,,,,
7/2/2015,133.7,0.0075,,,,,,,
6/30/2015,133.7,0.0075,,,,,,,
6/29/2015,133.7,0.0075,,,,,,,
6/26/2015,133.7126,0.0075,,,,,,,
6/25/2015,133.8,0.0075,,,,,,,
6/24/2015,133.9,0.0075,,,,,,,
6/23/2015,133.9,0.0075,,,,,,,
6/22/2015,134.1,0.0075,,,,,,,
6/19/2015,134.2,0.0075,,,,,,,
6/18/2015,133.9986,0.0075,,,,,,,
6/17/2015,133.9995,0.0075,,,,,,,
6/16/2015,133.9987,0.0075,,,,,,,
6/15/2015,134,0.0075,,,,,,,
6/12/2015,133.7973,0.0075,,,,,,,
6/11/2015,133.7985,0.0075,,,,,,,
6/10/2015,133.8,0.0075,,,,,,,
6/9/2015,133.8979,0.0075,,,,,,,
6/8/2015,133.8966,0.0075,,,,,,,
6/5/2015,133.9,0.0075,,,,,,,
6/4/2015,133.9,0.0075,,,,,,,
6/3/2015,133.9,0.0075,,,,,,,
6/1/2015,133.9,0.0075,,,,,,,
5/29/2015,133.9,0.0075,,,,,,,
5/28/2015,133.9,0.0075,,,,,,,
5/27/2015,133.9,0.0075,,,,,,,
5/26/2015,133.7,0.0075,,,,,,,
5/25/2015,133.7,0.0075,,,,,,,
5/22/2015,133.7,0.0075,,,,,,,
5/21/2015,133.7,0.0075,,,,,,,
5/20/2015,133.4994,0.0075,,,,,,,
5/19/2015,133.3,0.0075,,,,,,,
5/18/2015,133.3125,0.0075,,,,,,,
5/15/2015,133.4,0.0075,,,,,,,
5/14/2015,133.4,0.0075,,,,,,,
5/13/2015,133.5,0.0075,,,,,,,
5/12/2015,133.4412,0.0075,,,,,,,
5/11/2015,133.3,0.0075,,,,,,,
5/8/2015,133.3,0.0075,,,,,,,
5/7/2015,133.3,0.0075,,,,,,,
5/6/2015,133.1,0.0075,,,,,,,
5/5/2015,133.0714,0.0075,,,,,,,
4/30/2015,132.9,0.0075,,,,,,,
4/29/2015,132.9,0.0075,,,,,,,
4/28/2015,132.897,0.0075,,,,,,,
4/27/2015,132.9,0.0075,,,,,,,
4/24/2015,132.8994,0.0075,,,,,,,
4/23/2015,132.8983,0.0075,,,,,,,
4/22/2015,132.8981,0.0075,,,,,,,
4/21/2015,132.8964,0.0075,,,,,,,
4/20/2015,132.9,0.0075,,,,,,,
4/17/2015,132.9,0.0075,,,,,,,
4/16/2015,132.9,0.0075,,,,,,,
4/15/2015,132.8983,0.0075,,,,,,,
4/10/2015,132.9,0.0075,,,,,,,
4/9/2015,132.9,0.0075,,,,,,,
4/8/2015,132.9,0.0075,,,,,,,
4/7/2015,132.9,0.0075,,,,,,,
4/6/2015,132.8984,0.0075,,,,,,,
4/2/2015,132.9,0.0075,,,,,,,
4/1/2015,132.9,0.0075,,,,,,,
3/31/2015,132.9,0.0075,,,,,,,
3/30/2015,132.8794,0.0075,,,,,,,
3/27/2015,132.9,0.0075,,,,,,,
3/26/2015,132.9,0.0075,,,,,,,
3/25/2015,132.9,0.0075,,,,,,,
3/24/2015,132.9,0.0075,,,,,,,
3/23/2015,132.9,0.0075,,,,,,,
3/20/2015,132.9,0.0075,,,,,,,
3/19/2015,132.9,0.0075,,,,,,,
3/18/2015,132.9,0.0075,,,,,,,
3/17/2015,132.9,0.0075,,,,,,,
3/16/2015,132.9,0.0075,,,,,,,
3/13/2015,132.9,0.0075,,,,,,,
3/12/2015,132.9,0.0075,,,,,,,
3/11/2015,132.9,0.0075,,,,,,,
3/10/2015,132.9,0.0075,,,,,,,
3/9/2015,132.9,0.0075,,,,,,,
3/6/2015,132.9,0.0075,,,,,,,
3/4/2015,132.8986,0.0075,,,,,,,
3/3/2015,132.9,0.0075,,,,,,,
3/2/2015,132.9,0.0075,,,,,,,
2/27/2015,132.9,0.0075,,,,,,,
2/26/2015,132.9,0.0075,,,,,,,
2/25/2015,132.8991,0.0075,,,,,,,
2/24/2015,132.9,0.0075,,,,,,,
2/23/2015,132.9,0.0075,,,,,,,
2/20/2015,132.9,0.0075,,,,,,,
2/19/2015,132.8,0.0075,,,,,,,
2/18/2015,132.8,0.0075,,,,,,,
2/16/2015,132.8,0.0075,,,,,,,
2/13/2015,132.8,0.0075,,,,,,,
2/12/2015,132.8,0.0075,,,,,,,
2/11/2015,132.7987,0.0075,,,,,,,
2/10/2015,132.8,0.0075,,,,,,,
2/9/2015,132.8,0.0075,,,,,,,
2/6/2015,132.2,0.0076,,,,,,,
2/5/2015,132.2,0.0076,,,,,,,
2/2/2015,132.2,0.0076,,,,,,,
1/30/2015,132.2,0.0076,,,,,,,
1/29/2015,132.194,0.0076,,,,,,,
1/28/2015,132.0975,0.0076,,,,,,,
1/27/2015,132.0817,0.0076,,,,,,,
1/26/2015,132,0.0076,,,,,,,
1/23/2015,131.85,0.0076,,,,,,,
1/22/2015,131.9,0.0076,,,,,,,
1/21/2015,131.7433,0.0076,,,,,,,
1/20/2015,131.7054,0.0076,,,,,,,
1/19/2015,131.5,0.0076,,,,,,,
1/16/2015,131.0889,0.0076,,,,,,,
1/13/2015,131.22,0.0076,,,,,,,
1/12/2015,131.245,0.0076,,,,,,,
1/9/2015,131.25,0.0076,,,,,,,
1/8/2015,131.25,0.0076,,,,,,,
1/7/2015,131.015,0.0076,,,,,,,
1/6/2015,131.02,0.0076,,,,,,,
1/2/2015,131.0125,0.0076,,,,,,,
1/1/2015,131.091,0.0076,,,,,,,
12/31/2014,131.0486,0.0076,,,,,,,
12/30/2014,131.0778,0.0076,,,,,,,
12/29/2014,131.0689,0.0076,,,,,,,
12/26/2014,131.005,0.0076,,,,,,,
12/24/2014,130.9978,0.0076,,,,,,,
12/23/2014,131.0004,0.0076,,,,,,,
12/22/2014,131.0348,0.0076,,,,,,,
12/19/2014,131.0128,0.0076,,,,,,,
12/18/2014,131.0158,0.0076,,,,,,,
12/17/2014,131.0434,0.0076,,,,,,,
12/16/2014,130.9917,0.0076,,,,,,,
12/15/2014,131,0.0076,,,,,,,
12/12/2014,131.0225,0.0076,,,,,,,
12/11/2014,131.0071,0.0076,,,,,,,
12/10/2014,131.01,0.0076,,,,,,,
12/9/2014,131,0.0076,,,,,,,
12/8/2014,131.02,0.0076,,,,,,,
12/5/2014,131.0182,0.0076,,,,,,,
12/4/2014,131,0.0076,,,,,,,
12/3/2014,131,0.0076,,,,,,,
12/2/2014,131.05,0.0076,,,,,,,
12/1/2014,131.05,0.0076,,,,,,,
11/28/2014,131.0082,0.0076,,,,,,,
11/27/2014,131.0136,0.0076,,,,,,,
11/26/2014,131,0.0076,,,,,,,
11/25/2014,130.9967,0.0076,,,,,,,
11/24/2014,131,0.0076,,,,,,,
11/21/2014,131,0.0076,,,,,,,
11/20/2014,131,0.0076,,,,,,,
11/19/2014,130.9902,0.0076,,,,,,,
11/18/2014,130.9861,0.0076,,,,,,,
11/17/2014,130.95,0.0076,,,,,,,
11/14/2014,130.95,0.0076,,,,,,,
11/13/2014,130.8925,0.0076,,,,,,,
11/12/2014,130.9,0.0076,,,,,,,
11/11/2014,130.874,0.0076,,,,,,,
11/10/2014,130.8656,0.0076,,,,,,,
11/7/2014,130.85,0.0076,,,,,,,
11/5/2014,130.85,0.0076,,,,,,,
11/4/2014,130.85,0.0076,,,,,,,
11/3/2014,130.8367,0.0076,,,,,,,
10/31/2014,130.8436,0.0076,,,,,,,
10/30/2014,130.85,0.0076,,,,,,,
10/29/2014,130.8155,0.0076,,,,,,,
10/28/2014,130.83,0.0076,,,,,,,
10/27/2014,130.8175,0.0076,,,,,,,
10/24/2014,130.7667,0.0076,,,,,,,
10/23/2014,130.75,0.0076,,,,,,,
10/21/2014,130.6348,0.0077,,,,,,,
10/20/2014,130.6,0.0077,,,,,,,
10/17/2014,130.6,0.0077,,,,,,,
10/16/2014,130.5659,0.0077,,,,,,,
10/15/2014,130.55,0.0077,,,,,,,
10/14/2014,130.55,0.0077,,,,,,,
10/13/2014,130.3815,0.0077,,,,,,,
10/10/2014,130.3461,0.0077,,,,,,,
10/9/2014,130.3127,0.0077,,,,,,,
10/7/2014,130.3529,0.0077,,,,,,,
10/3/2014,130.4946,0.0077,,,,,,,
10/2/2014,130.4982,0.0077,,,,,,,
10/1/2014,130.43,0.0077,,,,,,,
9/30/2014,130.3707,0.0077,,,,,,,
9/29/2014,130.35,0.0077,,,,,,,
9/26/2014,130.3071,0.0077,,,,,,,
9/25/2014,130.3067,0.0077,,,,,,,
9/24/2014,130.2855,0.0077,,,,,,,
9/23/2014,130.2712,0.0077,,,,,,,
9/22/2014,130.28,0.0077,,,,,,,
9/19/2014,130.275,0.0077,,,,,,,
9/18/2014,130.2813,0.0077,,,,,,,
9/17/2014,130.2759,0.0077,,,,,,,
9/16/2014,130.28,0.0077,,,,,,,
9/15/2014,130.28,0.0077,,,,,,,
9/12/2014,130.2717,0.0077,,,,,,,
9/11/2014,130.23,0.0077,,,,,,,
9/10/2014,130.2027,0.0077,,,,,,,
9/9/2014,130.2,0.0077,,,,,,,
9/5/2014,130.1987,0.0077,,,,,,,
9/4/2014,130.2037,0.0077,,,,,,,
9/3/2014,130.205,0.0077,,,,,,,
9/2/2014,130.1913,0.0077,,,,,,,
9/1/2014,130.2045,0.0077,,,,,,,
8/29/2014,130.1962,0.0077,,,,,,,
8/28/2014,130.188,0.0077,,,,,,,
8/27/2014,130.184,0.0077,,,,,,,
8/26/2014,130.1934,0.0077,,,,,,,
8/25/2014,130.1763,0.0077,,,,,,,
8/22/2014,130.2014,0.0077,,,,,,,
8/21/2014,130.2078,0.0077,,,,,,,
8/20/2014,130.13,0.0077,,,,,,,
8/19/2014,130.1518,0.0077,,,,,,,
8/18/2014,130.1609,0.0077,,,,,,,
8/15/2014,130.1646,0.0077,,,,,,,
8/14/2014,130.2306,0.0077,,,,,,,
8/13/2014,130.19,0.0077,,,,,,,
8/12/2014,130.16,0.0077,,,,,,,
8/11/2014,130.1711,0.0077,,,,,,,
8/8/2014,130.1862,0.0077,,,,,,,
8/7/2014,130.1933,0.0077,,,,,,,
8/6/2014,130.2104,0.0077,,,,,,,
8/5/2014,130.2255,0.0077,,,,,,,
8/4/2014,130.2303,0.0077,,,,,,,
8/1/2014,130.2067,0.0077,,,,,,,
7/31/2014,130.2102,0.0077,,,,,,,
7/30/2014,130.2086,0.0077,,,,,,,
7/28/2014,130.227,0.0077,,,,,,,
7/25/2014,130.2297,0.0077,,,,,,,
7/24/2014,130.2598,0.0077,,,,,,,
7/23/2014,130.2659,0.0077,,,,,,,
7/22/2014,130.287,0.0077,,,,,,,
7/21/2014,130.25,0.0077,,,,,,,
7/18/2014,130.2,0.0077,,,,,,,
7/17/2014,130.1865,0.0077,,,,,,,
7/16/2014,130.18,0.0077,,,,,,,
7/15/2014,130.1974,0.0077,,,,,,,
7/14/2014,130.2,0.0077,,,,,,,
7/11/2014,130.2233,0.0077,,,,,,,
7/10/2014,130.2207,0.0077,,,,,,,
7/9/2014,130.2504,0.0077,,,,,,,
7/8/2014,130.2561,0.0077,,,,,,,
7/7/2014,130.2573,0.0077,,,,,,,
7/4/2014,130.2691,0.0077,,,,,,,
7/3/2014,130.2807,0.0077,,,,,,,
7/2/2014,130.301,0.0077,,,,,,,
7/1/2014,130.3256,0.0077,,,,,,,
6/30/2014,130.3018,0.0077,,,,,,,
6/27/2014,130.3359,0.0077,,,,,,,
6/26/2014,130.3144,0.0077,,,,,,,
6/25/2014,130.2904,0.0077,,,,,,,
6/24/2014,130.2741,0.0077,,,,,,,
6/23/2014,130.2927,0.0077,,,,,,,
6/20/2014,130.2652,0.0077,,,,,,,
6/19/2014,130.2381,0.0077,,,,,,,
6/18/2014,130.2298,0.0077,,,,,,,
6/17/2014,130.2355,0.0077,,,,,,,
6/16/2014,130.2476,0.0077,,,,,,,
6/13/2014,130.253,0.0077,,,,,,,
6/11/2014,130.26,0.0077,,,,,,,
6/10/2014,130.2603,0.0077,,,,,,,
6/9/2014,130.2566,0.0077,,,,,,,
6/6/2014,130.2841,0.0077,,,,,,,
6/5/2014,130.3164,0.0077,,,,,,,
6/4/2014,130.3518,0.0077,,,,,,,
6/3/2014,130.3526,0.0077,,,,,,,
6/2/2014,130.3863,0.0077,,,,,,,
5/30/2014,130.4631,0.0077,,,,,,,
5/29/2014,130.4359,0.0077,,,,,,,
5/28/2014,130.3865,0.0077,,,,,,,
5/27/2014,130.4152,0.0077,,,,,,,
5/26/2014,130.3717,0.0077,,,,,,,
5/23/2014,130.3525,0.0077,,,,,,,
5/22/2014,130.3732,0.0077,,,,,,,
5/21/2014,130.3742,0.0077,,,,,,,
5/20/2014,130.3515,0.0077,,,,,,,
5/19/2014,130.3561,0.0077,,,,,,,
5/16/2014,130.3608,0.0077,,,,,,,
5/13/2014,130.3587,0.0077,,,,,,,
5/12/2014,130.4841,0.0077,,,,,,,
5/9/2014,130.5403,0.0077,,,,,,,
5/8/2014,130.6,0.0077,,,,,,,
5/7/2014,130.6,0.0077,,,,,,,
5/6/2014,130.6,0.0077,,,,,,,
5/5/2014,130.5957,0.0077,,,,,,,
5/2/2014,130.625,0.0077,,,,,,,
4/30/2014,130.5962,0.0077,,,,,,,
4/29/2014,130.5982,0.0077,,,,,,,
4/28/2014,130.604,0.0077,,,,,,,
4/25/2014,130.6182,0.0077,,,,,,,
4/24/2014,130.6191,0.0077,,,,,,,
4/23/2014,130.5973,0.0077,,,,,,,
4/22/2014,130.6082,0.0077,,,,,,,
4/21/2014,130.6,0.0077,,,,,,,
4/17/2014,130.6113,0.0077,,,,,,,
4/16/2014,130.5973,0.0077,,,,,,,
4/11/2014,130.5726,0.0077,,,,,,,
4/10/2014,130.5891,0.0077,,,,,,,
4/9/2014,130.589,0.0077,,,,,,,
4/8/2014,130.7,0.0077,,,,,,,
4/7/2014,130.5624,0.0077,,,,,,,
4/4/2014,130.6804,0.0077,,,,,,,
4/3/2014,130.689,0.0077,,,,,,,
4/2/2014,130.6895,0.0077,,,,,,,
4/1/2014,130.7,0.0077,,,,,,,
3/31/2014,130.6949,0.0077,,,,,,,
3/28/2014,130.6917,0.0077,,,,,,,
3/27/2014,130.6866,0.0077,,,,,,,
3/26/2014,130.6932,0.0077,,,,,,,
3/25/2014,130.6497,0.0077,,,,,,,
3/24/2014,130.6484,0.0077,,,,,,,
3/21/2014,130.6474,0.0077,,,,,,,
3/20/2014,130.5903,0.0077,,,,,,,
3/19/2014,130.5675,0.0077,,,,,,,
3/18/2014,130.5836,0.0077,,,,,,,
3/17/2014,130.6067,0.0077,,,,,,,
3/14/2014,130.6357,0.0077,,,,,,,
3/13/2014,130.567,0.0077,,,,,,,
3/12/2014,130.5025,0.0077,,,,,,,
3/11/2014,130.5548,0.0077,,,,,,,
3/10/2014,130.5483,0.0077,,,,,,,
3/7/2014,130.5646,0.0077,,,,,,,
3/6/2014,130.6001,0.0077,,,,,,,
3/5/2014,130.6055,0.0077,,,,,,,
3/4/2014,130.6341,0.0077,,,,,,,
3/3/2014,130.9191,0.0076,,,,,,,
2/28/2014,131.0008,0.0076,,,,,,,
2/26/2014,131.0197,0.0076,,,,,,,
2/25/2014,131.0184,0.0076,,,,,,,
2/24/2014,130.9393,0.0076,,,,,,,
2/21/2014,130.8485,0.0076,,,,,,,
2/20/2014,130.85,0.0076,,,,,,,
2/19/2014,130.7998,0.0076,,,,,,,
2/18/2014,130.8167,0.0076,,,,,,,
2/17/2014,130.8373,0.0076,,,,,,,
2/13/2014,130.8357,0.0076,,,,,,,
2/12/2014,130.8003,0.0076,,,,,,,
2/11/2014,130.7142,0.0077,,,,,,,
2/10/2014,130.6831,0.0077,,,,,,,
2/7/2014,130.6471,0.0077,,,,,,,
2/6/2014,130.6522,0.0077,,,,,,,
2/5/2014,130.7284,0.0076,,,,,,,
2/3/2014,130.7555,0.0076,,,,,,,
1/31/2014,130.6957,0.0077,,,,,,,
1/30/2014,130.7339,0.0076,,,,,,,
1/29/2014,130.7849,0.0076,,,,,,,
1/28/2014,130.7494,0.0076,,,,,,,
1/27/2014,130.6575,0.0077,,,,,,,
1/24/2014,130.8216,0.0076,,,,,,,
1/23/2014,130.7787,0.0076,,,,,,,
1/22/2014,130.7477,0.0076,,,,,,,
1/21/2014,130.7368,0.0076,,,,,,,
1/20/2014,130.7202,0.0076,,,,,,,
1/17/2014,130.6629,0.0077,,,,,,,
1/16/2014,130.7117,0.0077,,,,,,,
1/13/2014,130.7029,0.0077,,,,,,,
1/10/2014,130.7314,0.0076,,,,,,,
1/9/2014,130.8059,0.0076,,,,,,,
1/8/2014,130.741,0.0076,,,,,,,
1/7/2014,130.695,0.0077,,,,,,,
1/6/2014,130.6811,0.0077,,,,,,,
1/3/2014,130.7035,0.0077,,,,,,,
1/2/2014,130.7051,0.0077,,,,,,,
1/1/2014,130.75,0.0076,,,,,,,
12/31/2013,130.753,0.0076,,,,,,,
12/30/2013,130.75,0.0076,,,,,,,
12/27/2013,130.7007,0.0077,,,,,,,
12/26/2013,130.7089,0.0077,,,,,,,
12/24/2013,130.7185,0.0077,,,,,,,
12/23/2013,130.7413,0.0076,,,,,,,
12/20/2013,130.7619,0.0076,,,,,,,
12/19/2013,130.7705,0.0076,,,,,,,
12/18/2013,130.7972,0.0076,,,,,,,
12/17/2013,130.8548,0.0076,,,,,,,
12/13/2013,130.85,0.0076,,,,,,,
12/12/2013,130.838,0.0076,,,,,,,
12/11/2013,130.8164,0.0076,,,,,,,
12/10/2013,130.7863,0.0076,,,,,,,
12/9/2013,130.8036,0.0076,,,,,,,
12/6/2013,130.8336,0.0076,,,,,,,
12/5/2013,130.8437,0.0076,,,,,,,
12/4/2013,130.8791,0.0076,,,,,,,
12/3/2013,131.1522,0.0076,,,,,,,
12/2/2013,131.1951,0.0076,,,,,,,
11/29/2013,131.2,0.0076,,,,,,,
11/28/2013,131.1528,0.0076,,,,,,,
11/27/2013,131.15,0.0076,,,,,,,
11/26/2013,131.1107,0.0076,,,,,,,
11/25/2013,131.1,0.0076,,,,,,,
11/22/2013,131.1,0.0076,,,,,,,
11/21/2013,131.1,0.0076,,,,,,,
11/20/2013,131.1,0.0076,,,,,,,
11/19/2013,131.07,0.0076,,,,,,,
11/18/2013,131.1,0.0076,,,,,,,
11/15/2013,131.1,0.0076,,,,,,,
11/14/2013,131.0645,0.0076,,,,,,,
11/13/2013,131.0833,0.0076,,,,,,,
11/12/2013,131.0836,0.0076,,,,,,,
11/11/2013,131.1,0.0076,,,,,,,
11/8/2013,131.1,0.0076,,,,,,,
11/7/2013,131.0689,0.0076,,,,,,,
11/6/2013,131.1,0.0076,,,,,,,
11/5/2013,131.0876,0.0076,,,,,,,
11/4/2013,130.8982,0.0076,,,,,,,
11/1/2013,130.8638,0.0076,,,,,,,
10/31/2013,131.0065,0.0076,,,,,,,
10/30/2013,131.0783,0.0076,,,,,,,
10/29/2013,130.8812,0.0076,,,,,,,
10/28/2013,130.4857,0.0077,,,,,,,
10/25/2013,130.5886,0.0077,,,,,,,
10/24/2013,130.7628,0.0076,,,,,,,
10/23/2013,130.9472,0.0076,,,,,,,
10/22/2013,130.9642,0.0076,,,,,,,
10/21/2013,131.0545,0.0076,,,,,,,
10/17/2013,130.9614,0.0076,,,,,,,
10/15/2013,130.8956,0.0076,,,,,,,
10/14/2013,131.036,0.0076,,,,,,,
10/11/2013,131.173,0.0076,,,,,,,
10/10/2013,131.1366,0.0076,,,,,,,
10/9/2013,131.1787,0.0076,,,,,,,
10/8/2013,131.1187,0.0076,,,,,,,
10/7/2013,131.2483,0.0076,,,,,,,
10/4/2013,131.3159,0.0076,,,,,,,
10/3/2013,131.4078,0.0076,,,,,,,
10/2/2013,131.7903,0.0076,,,,,,,
10/1/2013,131.9963,0.0076,,,,,,,
9/30/2013,131.9809,0.0076,,,,,,,
9/27/2013,131.9617,0.0076,,,,,,,
9/26/2013,131.9833,0.0076,,,,,,,
9/25/2013,132.1579,0.0076,,,,,,,
9/24/2013,132.06,0.0076,,,,,,,
9/23/2013,132.1387,0.0076,,,,,,,
9/20/2013,132.25,0.0076,,,,,,,
9/18/2013,132.25,0.0076,,,,,,,
9/17/2013,132.2218,0.0076,,,,,,,
9/16/2013,132.0965,0.0076,,,,,,,
9/13/2013,132.2558,0.0076,,,,,,,
9/12/2013,132.4238,0.0076,,,,,,,
9/11/2013,132.88,0.0075,,,,,,,
9/10/2013,132.9,0.0075,,,,,,,
9/9/2013,132.9667,0.0075,,,,,,,
9/6/2013,132.955,0.0075,,,,,,,
9/5/2013,132.9972,0.0075,,,,,,,
9/4/2013,133,0.0075,,,,,,,
9/3/2013,133,0.0075,,,,,,,
9/2/2013,132.9,0.0075,,,,,,,
8/30/2013,133.0575,0.0075,,,,,,,
8/29/2013,133,0.0075,,,,,,,
8/28/2013,132.5,0.0075,,,,,,,
8/27/2013,132,0.0076,,,,,,,
8/26/2013,131.9254,0.0076,,,,,,,
8/23/2013,131.8573,0.0076,,,,,,,
8/22/2013,131.75,0.0076,,,,,,,
8/21/2013,131.6,0.0076,,,,,,,
8/19/2013,131.5205,0.0076,,,,,,,
8/16/2013,131.4389,0.0076,,,,,,,
8/15/2013,131.5434,0.0076,,,,,,,
8/14/2013,131.6,0.0076,,,,,,,
8/13/2013,131.6,0.0076,,,,,,,
8/12/2013,131.59,0.0076,,,,,,,
8/8/2013,131.6,0.0076,,,,,,,
8/7/2013,131.598,0.0076,,,,,,,
8/6/2013,131.594,0.0076,,,,,,,
8/5/2013,131.6,0.0076,,,,,,,
8/2/2013,131.6,0.0076,,,,,,,
8/1/2013,131.5902,0.0076,,,,,,,
7/31/2013,131.6,0.0076,,,,,,,
7/30/2013,131.5714,0.0076,,,,,,,
7/29/2013,131.6,0.0076,,,,,,,
7/26/2013,131.5009,0.0076,,,,,,,
7/4/2013,130.5896,0.0077,,,,,,,
6/25/2013,128.8274,0.0078,,,,,,,
6/21/2013,128.4449,0.0078,,,,,,,
6/12/2013,127.3273,0.0079,,,,,,,
6/7/2013,126.4642,0.0079,,,,,,,
6/6/2013,126.456,0.0079,,,,,,,
5/20/2013,126.1837,0.0079,,,,,,,
5/13/2013,126.0029,0.0079,,,,,,,
5/10/2013,126.0029,0.0079,,,,,,,
5/8/2013,126.3673,0.0079,,,,,,,
5/6/2013,126.2946,0.0079,,,,,,,
4/5/2013,125.9784,0.0079,,,,,,,
3/8/2013,127.3038,0.0079,,,,,,,
2/1/2013,126.4532,0.0079,,,,,,,
1/31/2013,126.4512,0.0079,,,,,,,
1/30/2013,126.6989,0.0079,,,,,,,
1/28/2013,127.0078,0.0079,,,,,,,
1/24/2013,126.9609,0.0079,,,,,,,
1/16/2013,126.3433,0.0079,,,,,,,
1/15/2013,126.0684,0.0079,,,,,,,
1/11/2013,126.0354,0.0079,,,,,,,
1/10/2013,126.2912,0.0079,,,,,,,
1/9/2013,127.2241,0.0079,,,,,,,
1/8/2013,127.383,0.0079,,,,,,,
1/7/2013,127.3895,0.0078,,,,,,,
1/3/2013,127.3452,0.0079,,,,,,,
1/2/2013,127.6522,0.0078,,,,,,,
1/1/2013,127.3025,0.0079,,,,,,,
11/20/2012,130.1379,0.0077,,,,,,,
11/19/2012,129.9758,0.0077,,,,,,,
11/16/2012,130.0545,0.0077,,,,,,,
11/15/2012,130.3148,0.0077,,,,,,,
11/14/2012,130.5591,0.0077,,,,,,,
11/12/2012,130.7526,0.0076,,,,,,,
11/9/2012,130.967,0.0076,,,,,,,
11/7/2012,130.4533,0.0077,,,,,,,
11/6/2012,130.3408,0.0077,,,,,,,
11/5/2012,130.2943,0.0077,,,,,,,
11/2/2012,130.3442,0.0077,,,,,,,
11/1/2012,130.1015,0.0077,,,,,,,
10/31/2012,130.0272,0.0077,,,,,,,
10/30/2012,129.9543,0.0077,,,,,,,
10/26/2012,130.1585,0.0077,,,,,,,
10/25/2012,130.0182,0.0077,,,,,,,
10/24/2012,129.926,0.0077,,,,,,,
10/23/2012,129.6239,0.0077,,,,,,,
10/22/2012,128.9909,0.0078,,,,,,,
10/19/2012,128.9114,0.0078,,,,,,,
10/18/2012,128.6954,0.0078,,,,,,,
10/16/2012,128.4349,0.0078,,,,,,,
10/15/2012,128.4985,0.0078,,,,,,,
10/12/2012,128.5822,0.0078,,,,,,,
10/11/2012,128.3627,0.0078,,,,,,,
10/10/2012,128.3052,0.0078,,,,,,,
10/9/2012,128.2126,0.0078,,,,,,,
10/8/2012,128.4836,0.0078,,,,,,,
10/5/2012,129.702,0.0077,,,,,,,
10/4/2012,129.3008,0.0077,,,,,,,
10/3/2012,129.1417,0.0077,,,,,,,
10/2/2012,129.1083,0.0077,,,,,,,
10/1/2012,129.2609,0.0077,,,,,,,
9/28/2012,129.7943,0.0077,,,,,,,
9/27/2012,130.9677,0.0076,,,,,,,
9/26/2012,130.9657,0.0076,,,,,,,
9/25/2012,131.1501,0.0076,,,,,,,
9/24/2012,131.4135,0.0076,,,,,,,
9/21/2012,131.4845,0.0076,,,,,,,
9/20/2012,131.5943,0.0076,,,,,,,
9/19/2012,132.0422,0.0076,,,,,,,
9/18/2012,132.003,0.0076,,,,,,,
9/17/2012,132.1385,0.0076,,,,,,,
9/14/2012,131.7911,0.0076,,,,,,,
9/13/2012,131.9484,0.0076,,,,,,,
9/12/2012,132.2466,0.0076,,,,,,,
9/11/2012,132.294,0.0076,,,,,,,
9/7/2012,132.3629,0.0076,,,,,,,
9/6/2012,132.2999,0.0076,,,,,,,
7/10/2012,133.4704,0.0075,,,,,,,
7/6/2012,133.6876,0.0075,,,,,,,
7/2/2012,133.749,0.0075,,,,,,,
6/29/2012,133.3044,0.0075,,,,,,,
6/27/2012,133.1261,0.0075,,,,,,,
6/25/2012,132.8667,0.0075,,,,,,,
6/22/2012,132.8614,0.0075,,,,,,,
6/20/2012,132.4807,0.0075,,,,,,,
6/18/2012,131.7936,0.0076,,,,,,,
6/15/2012,132.0539,0.0076,,,,,,,
6/13/2012,132.3251,0.0076,,,,,,,
6/11/2012,130.3868,0.0077,,,,,,,
6/8/2012,130.1486,0.0077,,,,,,,
4/4/2012,126.6993,0.0079,,,,,,,
3/2/2012,122.0764,0.0082,,,,,,,
3/1/2012,121.907,0.0082,,,,,,,
2/29/2012,121.1198,0.0083,,,,,,,
2/28/2012,120.5922,0.0083,,,,,,,
2/27/2012,119.8025,0.0083,,,,,,,
2/24/2012,119.1422,0.0084,,,,,,,
2/23/2012,118.6797,0.0084,,,,,,,
2/22/2012,118.4706,0.0084,,,,,,,
2/21/2012,118.5696,0.0084,,,,,,,
2/17/2012,119.3708,0.0084,,,,,,,
2/16/2012,119.8908,0.0083,,,,,,,
2/15/2012,119.1514,0.0084,,,,,,,
2/14/2012,116.1085,0.0086,,,,,,,
2/13/2012,114.9382,0.0087,,,,,,,
2/8/2012,114.2906,0.0087,,,,,,,
2/6/2012,114.0592,0.0088,,,,,,,
2/3/2012,113.8996,0.0088,,,,,,,
2/2/2012,113.8984,0.0088,,,,,,,
2/1/2012,113.8997,0.0088,,,,,,,
1/31/2012,113.9,0.0088,,,,,,,
1/30/2012,113.8954,0.0088,,,,,,,
1/27/2012,113.9,0.0088,,,,,,,
1/26/2012,113.8988,0.0088,,,,,,,
1/24/2012,113.9,0.0088,,,,,,,
1/23/2012,113.9,0.0088,,,,,,,
1/20/2012,113.9025,0.0088,,,,,,,
1/19/2012,113.9,0.0088,,,,,,,
1/18/2012,113.8996,0.0088,,,,,,,
1/17/2012,113.8987,0.0088,,,,,,,
1/13/2012,113.9,0.0088,,,,,,,
1/12/2012,113.8984,0.0088,,,,,,,
1/11/2012,113.9,0.0088,,,,,,,
1/10/2012,113.9,0.0088,,,,,,,
1/9/2012,113.9,0.0088,,,,,,,
1/6/2012,113.8998,0.0088,,,,,,,
1/5/2012,113.9,0.0088,,,,,,,
1/4/2012,113.9,0.0088,,,,,,,
1/3/2012,113.8998,0.0088,,,,,,,
1/2/2012,113.8999,0.0088,,,,,,,
12/16/2011,113.9,0.0088,,,,,,,
12/15/2011,113.9,0.0088,,,,,,,
12/14/2011,113.9006,0.0088,,,,,,,
12/13/2011,113.8979,0.0088,,,,,,,
12/12/2011,113.8997,0.0088,,,,,,,
12/9/2011,113.8976,0.0088,,,,,,,
12/8/2011,113.8997,0.0088,,,,,,,
12/7/2011,113.9,0.0088,,,,,,,
12/6/2011,113.9,0.0088,,,,,,,
12/5/2011,113.9,0.0088,,,,,,,
12/2/2011,113.9,0.0088,,,,,,,
12/1/2011,113.8992,0.0088,,,,,,,
11/24/2011,114.049,0.0088,,,,,,,
11/14/2011,110.2,0.0091,,,,,,,
11/9/2011,110.2,0.0091,,,,,,,
10/21/2011,110.2,0.0091,,,,,,,
10/20/2011,110.1979,0.0091,,,,,,,
10/19/2011,110.1982,0.0091,,,,,,,
10/18/2011,110.1957,0.0091,,,,,,,
10/17/2011,110.2,0.0091,,,,,,,
10/13/2011,110.1986,0.0091,,,,,,,
10/12/2011,110.1903,0.0091,,,,,,,
10/5/2011,110.1992,0.0091,,,,,,,
10/4/2011,110.1988,0.0091,,,,,,,
10/3/2011,110.1927,0.0091,,,,,,,
9/30/2011,110.192,0.0091,,,,,,,
9/29/2011,110.1958,0.0091,,,,,,,
9/28/2011,110.2995,0.0091,,,,,,,
9/26/2011,110.3,0.0091,,,,,,,
9/23/2011,110.2953,0.0091,,,,,,,
9/22/2011,110.1853,0.0091,,,,,,,
9/20/2011,110.1,0.0091,,,,,,,
9/19/2011,110.0936,0.0091,,,,,,,
9/16/2011,110.0862,0.0091,,,,,,,
9/15/2011,110.0783,0.0091,,,,,,,
9/14/2011,110.1,0.0091,,,,,,,
9/13/2011,110.0893,0.0091,,,,,,,
9/12/2011,110.1116,0.0091,,,,,,,
9/8/2011,110.1931,0.0091,,,,,,,
9/7/2011,110.1031,0.0091,,,,,,,
9/6/2011,110.089,0.0091,,,,,,,
9/5/2011,109.9931,0.0091,,,,,,,
9/1/2011,109.8998,0.0091,,,,,,,
8/30/2011,109.8934,0.0091,,,,,,,
8/29/2011,109.9907,0.0091,,,,,,,
8/24/2011,109.9844,0.0091,,,,,,,
8/23/2011,109.9712,0.0091,,,,,,,
8/22/2011,109.9716,0.0091,,,,,,,
8/19/2011,109.9277,0.0091,,,,,,,
8/18/2011,109.9,0.0091,,,,,,,
8/16/2011,109.8082,0.0091,,,,,,,
8/15/2011,109.6805,0.0091,,,,,,,
8/12/2011,109.7137,0.0091,,,,,,,
8/11/2011,109.7393,0.0091,,,,,,,
8/10/2011,109.7871,0.0091,,,,,,,
8/9/2011,109.7747,0.0091,,,,,,,
8/8/2011,109.7149,0.0091,,,,,,,
8/5/2011,109.6625,0.0091,,,,,,,
8/4/2011,109.6669,0.0091,,,,,,,
8/3/2011,109.5813,0.0091,,,,,,,
8/2/2011,109.4944,0.0091,,,,,,,
8/1/2011,109.4789,0.0091,,,,,,,
7/29/2011,109.4881,0.0091,,,,,,,
7/28/2011,109.4665,0.0091,,,,,,,
7/27/2011,109.4883,0.0091,,,,,,,
7/26/2011,109.4919,0.0091,,,,,,,
7/25/2011,109.4642,0.0091,,,,,,,
7/22/2011,109.485,0.0091,,,,,,,
7/21/2011,109.496,0.0091,,,,,,,
7/20/2011,109.4968,0.0091,,,,,,,
7/19/2011,109.4981,0.0091,,,,,,,
7/18/2011,109.4967,0.0091,,,,,,,
7/15/2011,109.6,0.0091,,,,,,,
7/13/2011,109.5748,0.0091,,,,,,,
7/12/2011,109.5,0.0091,,,,,,,
7/11/2011,109.4995,0.0091,,,,,,,
7/8/2011,109.5,0.0091,,,,,,,
7/7/2011,109.4998,0.0091,,,,,,,
7/6/2011,109.4987,0.0091,,,,,,,
7/5/2011,109.4982,0.0091,,,,,,,
7/4/2011,109.5021,0.0091,,,,,,,
7/1/2011,109.5037,0.0091,,,,,,,
6/30/2011,109.6071,0.0091,,,,,,,
6/29/2011,109.6954,0.0091,,,,,,,
6/27/2011,109.5917,0.0091,,,,,,,
6/24/2011,109.5992,0.0091,,,,,,,
6/23/2011,109.5713,0.0091,,,,,,,
6/21/2011,109.5741,0.0091,,,,,,,
6/17/2011,109.5673,0.0091,,,,,,,
6/16/2011,109.5289,0.0091,,,,,,,
6/14/2011,109.4597,0.0091,,,,,,,
6/13/2011,109.4892,0.0091,,,,,,,
6/9/2011,109.4853,0.0091,,,,,,,
6/8/2011,109.6026,0.0091,,,,,,,
6/7/2011,109.6122,0.0091,,,,,,,
6/6/2011,109.7186,0.0091,,,,,,,
6/3/2011,109.7485,0.0091,,,,,,,
6/2/2011,109.6835,0.0091,,,,,,,
6/1/2011,109.6599,0.0091,,,,,,,
5/31/2011,109.7618,0.0091,,,,,,,
5/30/2011,109.8797,0.0091,,,,,,,
5/24/2011,109.8971,0.0091,,,,,,,
5/23/2011,109.7941,0.0091,,,,,,,
5/20/2011,109.7898,0.0091,,,,,,,
5/19/2011,109.7921,0.0091,,,,,,,
5/16/2011,109.7768,0.0091,,,,,,,
5/13/2011,109.7469,0.0091,,,,,,,
5/12/2011,109.7233,0.0091,,,,,,,
5/11/2011,109.7756,0.0091,,,,,,,
5/10/2011,109.7751,0.0091,,,,,,,
5/9/2011,109.7957,0.0091,,,,,,,
5/6/2011,109.713,0.0091,,,,,,,
5/5/2011,109.7434,0.0091,,,,,,,
5/4/2011,109.7815,0.0091,,,,,,,
5/3/2011,109.9071,0.0091,,,,,,,
4/29/2011,109.8512,0.0091,,,,,,,
4/28/2011,110.1582,0.0091,,,,,,,
4/26/2011,110.1952,0.0091,,,,,,,
4/25/2011,110.2025,0.0091,,,,,,,
4/21/2011,110.3004,0.0091,,,,,,,
4/20/2011,110.3852,0.0091,,,,,,,
4/19/2011,110.3842,0.0091,,,,,,,
4/18/2011,110.3731,0.0091,,,,,,,
4/12/2011,110.3112,0.0091,,,,,,,
4/11/2011,110.3789,0.0091,,,,,,,
4/6/2011,110.3592,0.0091,,,,,,,
4/5/2011,110.3963,0.0091,,,,,,,
4/4/2011,110.2816,0.0091,,,,,,,
4/1/2011,110.3969,0.0091,,,,,,,
3/31/2011,110.3929,0.0091,,,,,,,
3/30/2011,110.3987,0.0091,,,,,,,
3/29/2011,110.3923,0.0091,,,,,,,
3/28/2011,110.3578,0.0091,,,,,,,
3/25/2011,110.3928,0.0091,,,,,,,
3/24/2011,110.3891,0.0091,,,,,,,
3/23/2011,110.3683,0.0091,,,,,,,
3/22/2011,110.3873,0.0091,,,,,,,
3/21/2011,110.3638,0.0091,,,,,,,
3/18/2011,110.3397,0.0091,,,,,,,
3/17/2011,110.332,0.0091,,,,,,,
3/16/2011,110.3852,0.0091,,,,,,,
3/15/2011,110.1845,0.0091,,,,,,,
3/11/2011,110.0047,0.0091,,,,,,,
3/10/2011,110.007,0.0091,,,,,,,
3/7/2011,110.5135,0.009,,,,,,,
2/28/2011,110.7909,0.009,,,,,,,
2/18/2011,111.0037,0.009,,,,,,,
2/15/2011,111.0909,0.009,,,,,,,
2/14/2011,111.0387,0.009,,,,,,,
2/11/2011,110.9815,0.009,,,,,,,
2/10/2011,110.9721,0.009,,,,,,,
2/9/2011,110.9969,0.009,,,,,,,
2/8/2011,110.9812,0.009,,,,,,,
2/7/2011,110.892,0.009,,,,,,,
1/31/2011,111.1007,0.009,,,,,,,
1/28/2011,111.0536,0.009,,,,,,,
1/27/2011,111.0493,0.009,,,,,,,
1/26/2011,110.9091,0.009,,,,,,,
1/25/2011,110.9216,0.009,,,,,,,
1/24/2011,111.0139,0.009,,,,,,,
1/21/2011,110.9594,0.009,,,,,,,
1/20/2011,110.8124,0.009,,,,,,,
11/25/2010,111.2437,0.009,,,,,,,
11/24/2010,111.3637,0.009,,,,,,,
11/16/2010,111.6964,0.009,,,,,,,
11/15/2010,111.685,0.009,,,,,,,
11/12/2010,111.6,0.009,,,,,,,
11/11/2010,111.6845,0.009,,,,,,,
11/10/2010,111.5843,0.009,,,,,,,
11/9/2010,111.5154,0.009,,,,,,,
10/13/2010,111.9335,0.0089,,,,,,,
9/27/2010,112.3064,0.0089,,,,,,,
9/21/2010,112.5442,0.0089,,,,,,,
9/15/2010,112.5431,0.0089,,,,,,,
9/14/2010,112.6132,0.0089,,,,,,,
8/31/2010,112.6897,0.0089,,,,,,,
8/27/2010,112.6058,0.0089,,,,,,,
8/13/2010,112.3888,0.0089,,,,,,,
7/30/2010,112.5618,0.0089,,,,,,,
7/19/2010,112.7252,0.0089,,,,,,,
7/14/2010,113.1292,0.0088,,,,,,,
7/1/2010,113.5897,0.0088,,,,,,,
6/22/2010,113.4625,0.0088,,,,,,,
6/15/2010,113.572,0.0088,,,,,,,
6/14/2010,113.5446,0.0088,,,,,,,
6/2/2010,113.7567,0.0088,,,,,,,
6/1/2010,113.8271,0.0088,,,,,,,
5/14/2010,113.6573,0.0088,,,,,,,
5/13/2010,113.7009,0.0088,,,,,,,
5/12/2010,113.6854,0.0088,,,,,,,
5/11/2010,113.6292,0.0088,,,,,,,
5/7/2010,113.6975,0.0088,,,,,,,
